-- phpMyAdmin SQL Dump
-- version 4.2.11
-- http://www.phpmyadmin.net
--
-- Host: 127.0.0.1
-- Generation Time: Mar 27, 2019 at 04:26 AM
-- Server version: 5.6.21
-- PHP Version: 5.6.3

SET SQL_MODE = "NO_AUTO_VALUE_ON_ZERO";
SET time_zone = "+00:00";


/*!40101 SET @OLD_CHARACTER_SET_CLIENT=@@CHARACTER_SET_CLIENT */;
/*!40101 SET @OLD_CHARACTER_SET_RESULTS=@@CHARACTER_SET_RESULTS */;
/*!40101 SET @OLD_COLLATION_CONNECTION=@@COLLATION_CONNECTION */;
/*!40101 SET NAMES utf8 */;

--
-- Database: `umstock`
--

-- --------------------------------------------------------

--
-- Table structure for table `tb_basket`
--

CREATE TABLE IF NOT EXISTS `tb_basket` (
`basketID` int(7) NOT NULL,
  `memberID` varchar(10) NOT NULL,
  `productID` varchar(10) NOT NULL,
  `quantity` varchar(10) NOT NULL,
  `orderID` varchar(5) NOT NULL
) ENGINE=InnoDB AUTO_INCREMENT=16 DEFAULT CHARSET=utf8;

--
-- Dumping data for table `tb_basket`
--

INSERT INTO `tb_basket` (`basketID`, `memberID`, `productID`, `quantity`, `orderID`) VALUES
(15, '37', '3', '1', '');

-- --------------------------------------------------------

--
-- Table structure for table `tb_category`
--

CREATE TABLE IF NOT EXISTS `tb_category` (
`categoryID` int(11) NOT NULL,
  `categoryName` varchar(100) NOT NULL,
  `divisionname` varchar(50) NOT NULL,
  `catestatus` int(1) NOT NULL,
  `planID` int(1) NOT NULL
) ENGINE=InnoDB AUTO_INCREMENT=56 DEFAULT CHARSET=utf8;

--
-- Dumping data for table `tb_category`
--

INSERT INTO `tb_category` (`categoryID`, `categoryName`, `divisionname`, `catestatus`, `planID`) VALUES
(6, 'วัสดุสำนักงาน', 'ฝ่ายธุรการ สำนักปลัด', 0, 3),
(9, 'วัสดุไฟฟ้าและวิทยุ', 'ฝ่ายธุรการ สำนักปลัด', 0, 3),
(10, 'วัสดุงานบ้านงานครัว', 'ฝ่ายธุรการ สำนักปลัด', 0, 3),
(11, 'วัสดุก่อสร้าง', 'ฝ่ายธุรการ สำนักปลัด', 0, 3),
(12, 'วัสดุยานพาหนะและขนส่ง', 'ฝ่ายธุรการ สำนักปลัด', 0, 3),
(13, 'วัสดุเชื้อเพลิงและหล่อลื่น', ' ', 0, 3),
(14, '้้gg', ' ', 1, 4),
(15, 'ddd', '', 1, 4),
(16, 'ddd', '', 1, 4),
(17, '   วัสดุโฆษณาและเผยแพร่', '', 0, 3),
(18, '   วัสดุคอมพิวเตอร์ ', '', 0, 3),
(19, '   โครงการ GPS อุโมงค์กู้ภัย', '', 0, 3),
(20, '   โครงการสร้างพลเมืองดี วิถีป', '', 0, 3),
(21, '   โครงการคิดดี ทำดี วิถีอุโมง', '', 0, 3),
(22, '   โครงการเครือข่ายสร้างความสม', '', 0, 3),
(23, '   โครงการเจ้าบ้านที่ดี วิถีอุ', '', 0, 3),
(24, '   โครงการนวัตกรรมสวนหลังบ้าน ', '', 0, 3),
(25, '   โครงการประชุมสภาสัญจร', '', 0, 3),
(26, '   โครงการวันเทศบาล', '', 0, 3),
(27, '   โครงการส่งเสริมประชาธิปไตย ', '', 0, 3),
(28, '   โครงการเสริมสร้างและพัฒนาคว', '', 0, 3),
(29, '   โครงการอบรมป้องกันอัคคีภัยบ', '', 0, 3),
(30, '   โครงการฝึกอบรมสัมนาสำหรับสม', '', 0, 3),
(31, '   โครงการอาสาปันสุข คนอุโมงค์', '', 0, 3),
(32, '   ค่าใช้จ่ายโครงการรจัดทำแผนย', '', 0, 3),
(33, '   ค่าใช้จ่ายโครงการสนันสนุนกา', '', 0, 3),
(34, '   โครงการการเมืองสีขาว', '', 0, 3),
(35, '   โครงการดูแลผู้กระทำผิดบนฐาน', '', 0, 3),
(36, '   โครงการส่งเสริมงานเทศกาลลำไ', '', 0, 3),
(37, '   โครงการสืบสานประเพณีสืบชะตา', '', 0, 3),
(38, '   โครงการจัดทำแผนและซักซ้อมป้', '', 0, 4),
(39, '   รายจ่ายเกี่ยวเนื่องกับการปฏ', '', 0, 4),
(40, '   โครงการนวัตกรรมศูนย์นริภัยห', '', 0, 3),
(41, '   โครงการป้องกันและแก้ไขปัญหา', '', 0, 4),
(42, '   โครงการฝึกอบรมป้องกันและลดภ', '', 0, 4),
(43, '   วัสดุยานพาหนะและขนส่ง', '', 0, 4),
(44, '   วัสดุเชื้อเพลิงและหล่อลื่น', '', 0, 4),
(45, '   วัสดุวิทยาศาสตร์หรือการแพทย', '', 0, 4),
(46, '   วัสดุเครื่องแต่งกาย', '', 0, 4),
(47, '   วัสดุเครื่องดับเพลิง', '', 0, 4),
(48, ' ค่าใช้จ่ายโครงการรัฐพิธีต่าง', '', 0, 3),
(49, 'เงินสำรองจ่าย', '', 0, 3),
(50, 'โครงการจัดทำแผนยุทธศาสตร์การบริหารจัดการทรัพยากรทางน้ำ ตำบลอุโมงค์', '', 0, 5),
(51, 'โครงการสนับสนุนการจัดทำแผนพัฒนาเทศบาล', '', 0, 5),
(52, 'โครงการเมืองสีขาว', '', 0, 5),
(53, 'โครงการดูแลผู้กระทำผิดบนฐานความสุขของชุมชน', '', 0, 5),
(54, 'โครงการส่งเสริมเทศกาลลำไยผลไม้มหัศจรรย์เมืองสีขาว', '', 0, 5),
(55, 'โครงการสืบสานประเพณีสืบชะตาน้ำปิงห่าง', '', 0, 5);

-- --------------------------------------------------------

--
-- Table structure for table `tb_customer`
--

CREATE TABLE IF NOT EXISTS `tb_customer` (
`cusid` int(4) NOT NULL,
  `fullname` varchar(125) NOT NULL,
  `department` int(2) NOT NULL,
  `diveision` varchar(125) NOT NULL,
  `status` int(1) NOT NULL,
  `number` int(2) NOT NULL
) ENGINE=InnoDB AUTO_INCREMENT=142 DEFAULT CHARSET=utf8;

--
-- Dumping data for table `tb_customer`
--

INSERT INTO `tb_customer` (`cusid`, `fullname`, `department`, `diveision`, `status`, `number`) VALUES
(1, 'นายขยัน  วิพรหมชัย', 1, 'นายกเทศมนตรีตำบลอุโมงค์', 1, 0),
(2, 'นางอรวรรณ ขว้างจิตต์', 0, '0', 1, 0),
(3, 'นายบานเรือง อุตรศักดิ์', 0, '0', 1, 0),
(4, 'นายศุภชัย วงค์สถาน', 0, '0', 1, 0),
(5, 'นายทวี หมื่นสิทธิโรจน์', 0, '0', 1, 0),
(6, 'นายประยูร บุญธรรม', 0, '0', 1, 0),
(7, 'นางอัมพร ชัยธรรม', 0, '0', 1, 0),
(8, 'นายเสกสรรค์ แก้วเมืองมูล', 0, '0', 1, 0),
(9, 'นายยรรยงค์ สาริขิต', 0, '0', 1, 0),
(10, 'นายสมาน สุภสินธ์', 0, '0', 1, 0),
(11, 'นายวิทยา โพธา', 0, '0', 1, 0),
(12, 'นายฉลองชัย ปันเจริญ', 0, '0', 1, 0),
(13, 'นายสมศักดิ์ กันทะอุโมงค์', 0, '0', 1, 0),
(14, 'นายบุญส่ง ศรีทิพย์', 0, '0', 1, 0),
(15, 'นายประพันธ์ เสมอใจ', 0, '0', 1, 0),
(16, 'นายชาญชัย ทิพย์มณี', 0, '0', 1, 0),
(17, 'นายสวัสดิ์ อุ่นอุโมงค์', 0, '0', 1, 0),
(18, 'นายทนงศักดิ์  รัตนโสภณ ', 1, '0', 1, 0),
(19, 'นางจันทร์เพ็ญ  สุทธิจิระพันธ์ ', 1, '0', 1, 0),
(20, 'นายเรวัต  ตันตรา ', 1, '0', 1, 0),
(21, 'นายพนัส  สาริกา ', 1, '0', 1, 0),
(22, 'นางสาวรัชนี  ศรีธิหล้า ', 1, '0', 1, 0),
(23, 'นางจุฑามาศ  หวลอ่อน ', 1, '0', 1, 0),
(24, 'นางสาวเชาวนี  สุริยะคำ ', 1, '0', 1, 0),
(25, 'สิบเอกทรรศพงษ์  ธรรมชาติ ', 1, '0', 1, 0),
(26, 'นางฉวีวรรณ  สุทธิ ', 1, '0', 1, 0),
(27, 'นายเชาว์  ตาใจ ', 1, '0', 1, 0),
(28, 'นายทองดี  อุโมงค์มี ', 1, '0', 1, 0),
(29, 'นายเอกชัย  บุรีรัตน์ ', 1, '0', 1, 0),
(30, 'นางสมศรี  เมทา ', 1, '0', 1, 0),
(31, 'นางสาวพิมพ์ชนก ณ ปัญญา', 1, '0', 1, 0),
(32, 'นางสาวนันทวรรณ เอ็นเมืองเหล็ก', 1, '0', 1, 0),
(33, 'นายเสกสรรค์  ศรีวิชัย ', 1, '0', 1, 0),
(34, 'นายพิศิษฐ์  สุวรรณยศ ', 1, '0', 1, 0),
(35, 'นายธีระพร  กิ่งอุโมงค์ ', 1, '0', 1, 0),
(36, 'นายอดิศัย  โพธิ ', 1, '0', 1, 0),
(37, 'นายจำรัส  ศรีสวัสดิ์ ', 1, '0', 1, 0),
(38, 'นางอรทัย  สุวรรณา ', 1, '0', 1, 0),
(39, 'ส.ต.สมพร    สุยะ ', 1, '0', 1, 0),
(40, 'นายวิทยา  จิตหัตถะ ', 1, '0', 1, 0),
(41, 'นางประไพศรี ล้านแปง ', 1, '0', 1, 0),
(42, 'นายธงชัย  กันทะอุโมงค์ ', 1, '0', 1, 0),
(43, 'นายนฤเทพ พรหมเทศน์', 1, '0', 1, 0),
(44, 'นางสาวสิริธิดา  ส่งน้อย ', 1, '0', 0, 0),
(45, 'นางสาวสุพัตรา  ยาณะศร ', 1, '0', 0, 0),
(46, 'นางสาวอมรรัตน์  พรมจักร ', 1, '0', 1, 0),
(47, 'นางสาวขวัญนภา  ยาจันทร์ ', 2, '0', 1, 0),
(48, 'นางรัตนา  ปันจุติ ', 2, '0', 1, 0),
(49, 'นายสุธิพงษ์  พรมเสน ', 2, '0', 1, 0),
(50, 'นางสาววราภรณ์  ปันสุรัตน์ ', 2, '0', 1, 0),
(51, 'นายบุญช่วย  ชาญนุวงศ์ ', 2, '0', 1, 0),
(52, 'นายวิสุทธิ์ มโนวงค์ ', 2, '0', 1, 0),
(53, 'นางจันทร์สม  วงค์สถาน ', 2, '0', 1, 0),
(54, 'นายบรรจง  ปันติ๊บปะ ', 2, '0', 1, 0),
(55, 'นายสุเทพ  โอตอุโมงค์ ', 2, '0', 1, 0),
(56, 'นายกรกช  ทาเกิด ', 2, '0', 1, 0),
(57, 'นายโพฐะการณ์  เยี่ยมฐานทัพ ', 2, '0', 1, 0),
(58, 'นายวิโรจน์  นิไทรโยค ', 3, '0', 1, 0),
(59, 'นายสราวุธ  สมอินสอน ', 3, '0', 1, 0),
(60, 'นางปานทิพย์  นาคช่วย ', 3, '0', 1, 0),
(61, 'นางสาวดารเนตร  สิทธิหาญ ', 3, '0', 1, 0),
(62, 'นางสาวจรีรัตน์  สินธุบุญ ', 3, '0', 1, 0),
(63, 'นางพรทิพย์  ไชยะพอ ', 3, '0', 1, 0),
(64, 'นางสาวนิภาพร  คำโพธิ์ ', 3, '0', 1, 0),
(65, 'นางสาวดรุณี  ศิริต๊ะ ', 3, '0', 1, 0),
(66, 'นางสาวภณัฐภิฌา  บุญมีมา ', 3, '0', 1, 0),
(67, 'นางเบญจมาศ  ม้าเจริญตระกูล ', 3, '0', 1, 0),
(68, 'นายกัลยานวัฒน์  อุตะรี ', 3, '0', 1, 0),
(69, 'นางยอดขวัญ  ทองเล่ม ', 3, '0', 1, 0),
(70, 'นางพรทิพย์  แก้วกิติ ', 3, '0', 1, 0),
(71, 'นางรัชนี  เป็งธรรม ', 3, '0', 1, 0),
(72, 'นางสุนีย์  มูลสุตา ', 3, '0', 1, 0),
(73, 'นางสาวปรีญาวัลย์  เสมอใจ ', 3, '0', 1, 0),
(74, 'นางสาวปิ่นนภา  ปวนกาศ ', 3, '0', 1, 0),
(75, 'นายวีระศักดิ์  นาระตะ ', 3, '0', 1, 0),
(76, 'นางสาวชนาธิป  อินทร์ใจ ', 3, '0', 1, 0),
(77, 'นางสาววศินี  แก้วยะ ', 3, '0', 1, 0),
(78, 'นางจรรยา  เป็งเจริญ ', 3, '0', 1, 0),
(79, 'นางนัฐกรานต์  เตชะศิรินนุกูล ', 3, '0', 1, 0),
(80, 'นางสาวปุณิกา  เมฆประยูร ', 3, '0', 1, 0),
(81, 'นางสาวทุเรียน  บุญประเสริฐ ', 3, '0', 1, 0),
(82, 'นายสรายุทธ  สุรินธรรม ', 3, '0', 1, 0),
(83, 'นายนิกร  ตาเจริญ ', 3, '0', 1, 0),
(84, 'นางสาวสุชาดา  ไชยศรี ', 3, '0', 1, 0),
(85, 'นางสาวกุลวดี ศรีจันทร์ดร ', 3, '0', 1, 0),
(86, 'นางสุรีย์พร อิ่มมาก ', 3, '0', 1, 0),
(87, 'นางสาวปริศนา สร้างโศรก ', 3, '0', 1, 0),
(88, 'นายพงศ์พันธ์ นันตากาศ ', 3, '0', 1, 0),
(89, 'นางสาวศิริจรรยา  พรมเทศ ', 3, '0', 1, 0),
(90, 'นางเพลินจิตต์ สังข์พนัส ', 4, '0', 1, 0),
(91, 'นางสาวนิตยา  ปาระโมงค์ ', 4, '0', 1, 0),
(92, 'นางสาววันทนีย์   ลุนธิระวงศ์ ', 4, '0', 1, 0),
(93, 'นางศิริพันธ์  ตาวารัตน์ ', 4, '0', 1, 0),
(94, 'นายบรรเทิง  มงคล ', 4, '0', 1, 0),
(95, 'นายทิวากร  ญาณะศร ', 4, '0', 1, 0),
(96, 'นายดร  สิงห์แก้วเจริญ ', 4, '0', 1, 0),
(97, 'นายสมเกียรติ  สันเทพ ', 4, '0', 1, 0),
(98, 'นายอรัญ  สุวรรณพรม ', 4, '0', 1, 0),
(99, 'นางสาว วาลิกา ชัยรัตน์ ', 4, '0', 1, 0),
(100, 'นางสาววิกานดา กันทะอุโมงค์ ', 4, '0', 1, 0),
(101, 'นายภิญโญ พึ่งสุข ', 4, '0', 1, 0),
(102, 'นายสาธิต อินทะโน ', 4, '0', 1, 0),
(103, 'นางอุมาอร  โปธิยา ', 5, '0', 1, 0),
(104, 'นางผ่องศรี  สายอุดมสุข ', 5, '0', 1, 0),
(105, 'นายนิคม  แก้วกองเครือ ', 5, '0', 1, 0),
(106, 'นายอรรถพล  ขว้างจิตต์ ', 5, '0', 1, 0),
(107, 'นายนพดล  นำปูนสัก ', 5, '0', 1, 0),
(108, 'นายนพดล  ศรีบุรี ', 5, '0', 1, 0),
(109, 'นายดลเดช   ภิมายกุล ', 5, '0', 1, 0),
(110, 'นายจีรวัฒน์  สุวรรณา ', 5, '0', 1, 0),
(111, 'นายประดิษฐ์  กาละคำ ', 5, '0', 1, 0),
(112, 'นายจรินทร์  ตันแก้ว ', 5, '0', 1, 0),
(113, 'ว่าที่ร้อยตรีสุวัฒน์  กันทะอุโมงค์ ', 5, '0', 1, 0),
(114, 'นายนราศักดิ์  เลิศฤดี ', 5, '0', 1, 0),
(115, 'นายนิรุตต์  มาภาพ ', 5, '0', 1, 0),
(116, 'นายคณาวุฒิ  อุตเจริญ ', 5, '0', 1, 0),
(117, 'นายเฉลิมชัย     มูลเจริญ ', 5, '0', 1, 0),
(118, 'นายจักรพันธ์     ศรีสวัสดิ์ ', 5, '0', 1, 0),
(119, 'นายวทัญญู     สุภาวงค์ ', 5, '0', 1, 0),
(120, 'นายปัญญา  เขียมสุวรรณ ', 5, '0', 1, 0),
(121, 'นางสาววันทนีย์  อุตอุโมงค์ ', 5, '0', 1, 0),
(122, 'นางนารี  ศรีกันทะวงค์ ', 5, '0', 1, 0),
(123, 'นางชลลดา   กันทะอุโมงค์ ', 5, '0', 1, 0),
(124, 'นางสาวศิริขวัญ  แก้วใจ ', 5, '0', 1, 0),
(125, 'นายนิติพงษ์ จันต๊ะราชา ', 5, '0', 1, 0),
(126, 'นางสาวศุภกันยา   อิฐรัตน์ ', 5, '0', 1, 0),
(127, 'นายเกรียงไกร  นันตา ', 5, '0', 1, 0),
(128, 'นางสาววทัยพรรณ  เงาเลิศ ', 5, '0', 1, 0),
(129, 'นางสาวธิติมา  สุชาติ ', 5, '0', 1, 0),
(130, 'นางนงคราญ  โกนสัก ', 5, '0', 1, 0),
(131, 'นายสายัณห์  สารลิขิต ', 5, '0', 1, 0),
(132, 'นางนงลักษณ์  จวรรณเกษร ', 5, '0', 1, 0),
(133, 'น.ส.สุทธิณี  มะโนศรี ', 5, '0', 1, 0),
(134, 'น.ส.สุขุมาภรณ์   ยะมะณี ', 5, '0', 1, 0),
(135, 'aaa', 1, 'aaa', 0, 0),
(136, 'นายณฐพล', 1, 'ผาทอง', 0, 0),
(137, 'นายณฐพล ผาทอง', 1, '', 1, 0),
(138, 'นายณฐพล ผาทอง', 1, 'นิติกรปฏิบัติการ', 0, 0),
(139, 'นายอนุพงศ์ คำเมืองลือ', 1, 'คนงานทั่วไป', 1, 0),
(140, 'สิบเอกทรรศพงษ์ ธรรมชาติ', 1, 'เจ้าพนักงานป้องกันและบรรเทาสาธารณภัยชำนาญงาน', 1, 0),
(141, 'นายกิตติพงศ์  ออนเป็ง', 1, 'นักวิชาการตรวจสอบภายในปฏิบัติการ', 1, 0);

-- --------------------------------------------------------

--
-- Table structure for table `tb_department`
--

CREATE TABLE IF NOT EXISTS `tb_department` (
`departmentID` int(11) NOT NULL,
  `departmentName` varchar(20) DEFAULT NULL,
  `rootDepaID` varchar(4) DEFAULT NULL,
  `statusDepa` int(1) NOT NULL
) ENGINE=InnoDB AUTO_INCREMENT=5 DEFAULT CHARSET=utf8;

--
-- Dumping data for table `tb_department`
--

INSERT INTO `tb_department` (`departmentID`, `departmentName`, `rootDepaID`, `statusDepa`) VALUES
(1, 'สำนักปลัด', '0', 1),
(2, 'ฝ่ายธุรการ', '1', 2),
(3, 'งานธุรการ', '2', 3),
(4, 'สวัสดิการสังคม', '0', 1);

-- --------------------------------------------------------

--
-- Table structure for table `tb_member`
--

CREATE TABLE IF NOT EXISTS `tb_member` (
`memberID` int(11) NOT NULL,
  `username` varchar(20) CHARACTER SET utf8 COLLATE utf8_unicode_ci DEFAULT NULL,
  `password` varchar(32) CHARACTER SET utf8 COLLATE utf8_unicode_ci DEFAULT NULL,
  `name` varchar(80) CHARACTER SET utf8 COLLATE utf8_unicode_ci DEFAULT NULL,
  `department` varchar(20) CHARACTER SET utf8 COLLATE utf8_unicode_ci DEFAULT NULL,
  `division` varchar(50) CHARACTER SET utf8 COLLATE utf8_unicode_ci DEFAULT NULL,
  `reg_date` datetime NOT NULL,
  `authority` varchar(10) NOT NULL
) ENGINE=InnoDB AUTO_INCREMENT=48 DEFAULT CHARSET=utf8;

--
-- Dumping data for table `tb_member`
--

INSERT INTO `tb_member` (`memberID`, `username`, `password`, `name`, `department`, `division`, `reg_date`, `authority`) VALUES
(1, 'admin', '1111', '43', '1', 'อำนวยการ', '2018-11-07 11:11:51', 's'),
(21, 'phimchanok', '509818', '31', '1', 'ธุรการ', '2018-11-20 12:11:07', 's'),
(22, 'รัชนี', 'พฟแ้ฟืำำ', '22', '1', 'ธุรการ', '2018-11-22 16:11:50', 's'),
(23, 'นันทวรรณ', '122523', '32', '1', 'ธุรการ', '2018-11-22 16:11:46', 's'),
(26, 'เอกชัย', '573318', '29', '1', 'ธุรการ', '2019-01-29 09:01:34', 'u'),
(27, 'สมพร', '123456', '39', '1', 'ฝ่ายอำนวยการ', '2019-03-05 14:03:36', 'u'),
(28, 'พนัส', '123456', '21', '1', 'ฝ่ายอำนวยการ', '2019-03-05 14:03:49', 'u'),
(29, 'เชาวนี', '123456', '24', '1', 'ฝ่ายอำนวยการ', '2019-03-05 14:03:15', 'u'),
(30, 'จุฑามาศ', '123456', '23', '1', 'ฝ่ายอำนวยการ', '2019-03-05 14:03:55', 'u'),
(31, 'เรวัต', '123456', '20', '1', 'ธุรการ', '2019-03-05 14:03:26', 'm'),
(32, 'เชาว์', '123456', '27', '1', 'ฝ่ายปกครอง', '2019-03-05 14:03:24', 'u'),
(33, 'ทองดี', '123456', '28', '1', 'ฝ่ายปกครอง', '2019-03-05 14:03:55', 'u'),
(34, 'เสกสรรค์', '123456', '33', '1', 'ฝ่ายปกครอง', '2019-03-05 14:03:44', 'u'),
(35, 'พิศิษฐ์', '123456', '34', '1', 'ฝ่ายปกครอง', '2019-03-05 14:03:53', 'u'),
(36, 'ธีระพร', '123456', '35', '1', 'ฝ่ายปกครอง', '2019-03-05 14:03:40', 'u'),
(37, 'อดิศัย', '123456', '36', '1', 'ธุรการ', '2019-03-05 14:03:15', 'u'),
(38, 'จำรัส', '123456', '37', '1', 'ธุรการ', '2019-03-05 14:03:02', 'u'),
(39, 'อรทัย', '123456', '38', '1', 'ธุรการ', '2019-03-05 14:03:48', 'u'),
(40, 'วิทยา', '123456', '40', '1', 'ฝ่ายปกครอง', '2019-03-05 14:03:27', 'u'),
(41, 'ธงชัย', '123456', '42', '1', 'ธุรการ', '2019-03-05 14:03:09', 'u'),
(42, 'ทนงศักดิ์', '123456', '18', '1', 'ธุรการ', '2019-03-05 14:03:36', 'u'),
(43, 'จันทร์เพ็ญ', '123456', '19', '1', 'ธุรการ', '2019-03-05 14:03:08', 'u'),
(44, 'ณฐพล', '123456', '137', '1', 'ฝ่ายอำนวยการ', '2019-03-05 14:03:31', 'u'),
(45, 'อนุพงศ์', '123456', '139', '1', 'ฝ่ายปกครอง', '2019-03-05 14:03:06', 'u'),
(46, 'ทรรศพงษ์', '123456', '140', '1', 'ฝ่ายปกครอง', '2019-03-05 15:03:21', 'w'),
(47, 'กิตติพงศ์ ออนเป็ง', '123456', '141', '1', 'หน่วยตรวจสอบภายใน', '2019-03-12 15:03:10', 'u');

-- --------------------------------------------------------

--
-- Table structure for table `tb_order`
--

CREATE TABLE IF NOT EXISTS `tb_order` (
`orderID` int(11) NOT NULL,
  `orderNum` varchar(6) NOT NULL,
  `memberID` varchar(4) NOT NULL,
  `detail` text,
  `dayneed` date DEFAULT NULL,
  `staff1` varchar(5) DEFAULT NULL,
  `staff2` varchar(5) DEFAULT NULL,
  `staff3` varchar(5) DEFAULT NULL,
  `createdate` datetime DEFAULT NULL,
  `status` int(1) NOT NULL,
  `orderIdReport` int(6) NOT NULL
) ENGINE=InnoDB AUTO_INCREMENT=24 DEFAULT CHARSET=utf8;

--
-- Dumping data for table `tb_order`
--

INSERT INTO `tb_order` (`orderID`, `orderNum`, `memberID`, `detail`, `dayneed`, `staff1`, `staff2`, `staff3`, `createdate`, `status`, `orderIdReport`) VALUES
(1, '431', '43', '', '2019-02-22', '0', '0', '0', '2019-02-22 09:02:18', 0, 0),
(2, '432', '43', '', '2019-02-22', '0', '0', '0', '2019-02-22 09:02:11', 0, 0),
(3, '433', '43', '', '2019-02-22', '0', '0', '0', '2019-02-22 09:02:34', 0, 0),
(4, '434', '43', '', '2019-02-22', '0', '0', '0', '2019-02-22 09:02:55', 0, 0),
(5, '435', '43', '', '2019-02-22', '0', '0', '0', '2019-02-22 11:02:36', 0, 0),
(6, '436', '43', '', '2019-02-22', '0', '0', '0', '2019-02-22 11:02:39', 0, 0),
(7, '437', '43', '', '2019-02-22', '0', '0', '0', '2019-02-22 11:02:20', 0, 0),
(8, '438', '43', '', '2019-02-22', '0', '0', '0', '2019-02-22 14:02:36', 0, 0),
(9, '221', '22', '', '2019-03-05', '22', '0', '0', '2019-03-05 13:03:56', 1, 3),
(10, '381', '38', '', '2019-03-05', '38', '0', '0', '2019-03-05 16:03:02', 1, 2),
(11, '1371', '137', '', '2019-03-06', '32', '0', '0', '2019-03-06 10:03:22', 1, 4),
(12, '321', '32', '', '2019-03-06', '32', '0', '0', '2019-03-06 11:03:13', 1, 5),
(13, '222', '22', '', '2019-03-06', '32', '0', '0', '2019-03-06 11:03:19', 1, 6),
(14, '223', '22', '', '2019-03-06', '32', '0', '0', '2019-03-06 14:03:56', 1, 7),
(15, '291', '29', '', '2019-03-06', '22', '0', '0', '2019-03-06 14:03:14', 1, 8),
(16, '322', '32', '', '2019-03-07', '0', '0', '0', '2019-03-07 17:03:21', 0, 0),
(17, '323', '32', '', '2019-03-07', '22', '0', '0', '2019-03-07 17:03:53', 1, 9),
(18, '324', '32', '', '2019-03-08', '32', '0', '0', '2019-03-08 12:03:30', 1, 10),
(19, '1411', '141', '', '2019-03-12', '32', '0', '0', '2019-03-12 15:03:07', 1, 11),
(20, '1372', '137', '', '2019-03-15', '32', '0', '0', '2019-03-15 08:03:58', 1, 12),
(21, '241', '24', '', '2019-03-15', '32', '0', '0', '2019-03-15 08:03:44', 1, 13),
(22, '1412', '141', '', '2019-03-15', '32', '0', '0', '2019-03-15 16:03:22', 1, 14),
(23, '231', '23', '', '2019-03-18', '32', '0', '0', '2019-03-18 14:03:44', 1, 15);

-- --------------------------------------------------------

--
-- Table structure for table `tb_orderdetail`
--

CREATE TABLE IF NOT EXISTS `tb_orderdetail` (
`orderdetailID` int(7) NOT NULL,
  `createdate` datetime DEFAULT NULL,
  `productID` int(5) NOT NULL,
  `categoryID` int(5) NOT NULL,
  `orderID` varchar(8) DEFAULT NULL,
  `statusOrder` varchar(20) NOT NULL,
  `amount` int(4) NOT NULL,
  `price` float DEFAULT NULL,
  `explain` varchar(100) DEFAULT NULL,
  `statusfile` int(1) NOT NULL,
  `cusid` int(3) NOT NULL,
  `dayneed` datetime NOT NULL
) ENGINE=InnoDB AUTO_INCREMENT=44 DEFAULT CHARSET=utf8;

--
-- Dumping data for table `tb_orderdetail`
--

INSERT INTO `tb_orderdetail` (`orderdetailID`, `createdate`, `productID`, `categoryID`, `orderID`, `statusOrder`, `amount`, `price`, `explain`, `statusfile`, `cusid`, `dayneed`) VALUES
(9, '2019-03-05 13:03:56', 117, 6, '221', 'ou', 1, 0, '', 0, 22, '2019-03-05 00:00:00'),
(10, '2019-03-05 16:03:02', 156, 10, '381', 'ou', 1, 0, '', 0, 38, '2019-03-05 00:00:00'),
(11, '2019-03-05 16:03:02', 157, 10, '381', 'ou', 6, 0, '', 0, 38, '2019-03-05 00:00:00'),
(12, '2019-03-05 16:03:02', 161, 10, '381', 'ou', 1, 0, '', 0, 38, '2019-03-05 00:00:00'),
(13, '2019-03-05 16:03:02', 159, 10, '381', 'ou', 1, 0, '', 0, 38, '2019-03-05 00:00:00'),
(14, '2019-03-05 16:03:02', 153, 10, '381', 'ou', 1, 0, '', 0, 38, '2019-03-05 00:00:00'),
(15, '2019-03-06 10:03:22', 12, 6, '1371', 'ou', 1, 0, '', 0, 137, '2019-03-06 00:00:00'),
(16, '2019-03-06 10:03:22', 124, 6, '1371', 'ou', 1, 0, '', 0, 137, '2019-03-06 00:00:00'),
(17, '2019-03-06 11:03:13', 34, 6, '321', 'ou', 1, 0, '', 0, 32, '2019-03-06 00:00:00'),
(18, '2019-03-06 11:03:13', 35, 6, '321', 'ou', 1, 0, '', 0, 32, '2019-03-06 00:00:00'),
(19, '2019-03-06 11:03:19', 12, 6, '222', 'ou', 19, 0, '', 0, 22, '2019-03-06 00:00:00'),
(20, '2019-03-06 11:03:19', 27, 6, '222', 'ou', 22, 0, '', 0, 22, '2019-03-06 00:00:00'),
(21, '2019-03-06 14:03:56', 32, 6, '223', 'ou', 15, 0, '', 0, 22, '2019-03-06 00:00:00'),
(22, '2019-03-06 14:03:14', 3, 6, '291', 'ou', 1, 0, '', 0, 29, '2019-03-06 00:00:00'),
(23, '2019-03-06 14:03:14', 34, 6, '291', 'ou', 1, 0, '', 0, 29, '2019-03-06 00:00:00'),
(26, '2019-03-07 17:03:53', 32, 6, '323', 'ou', 2, 0, '', 0, 32, '2019-03-07 00:00:00'),
(27, '2019-03-07 17:03:53', 19, 6, '323', 'ou', 1, 0, '', 0, 32, '2019-03-07 00:00:00'),
(28, '2019-03-07 17:03:53', 39, 6, '323', 'ou', 1, 0, '', 0, 32, '2019-03-07 00:00:00'),
(29, '2019-03-08 12:03:30', 167, 6, '324', 'ou', 12, 0, '', 0, 32, '2019-03-08 00:00:00'),
(30, '2019-03-12 15:03:07', 3, 6, '1411', 'ou', 1, 0, '', 0, 141, '2019-03-12 00:00:00'),
(31, '2019-03-12 15:03:07', 4, 6, '1411', 'ou', 1, 0, '', 0, 141, '2019-03-12 00:00:00'),
(32, '2019-03-12 15:03:07', 34, 6, '1411', 'ou', 1, 0, '', 0, 141, '2019-03-12 00:00:00'),
(33, '2019-03-12 15:03:07', 36, 6, '1411', 'ou', 1, 0, '', 0, 141, '2019-03-12 00:00:00'),
(34, '2019-03-12 15:03:07', 39, 6, '1411', 'ou', 1, 0, '', 0, 141, '2019-03-12 00:00:00'),
(35, '2019-03-15 08:03:58', 17, 6, '1372', 'ou', 2, 0, '', 0, 137, '2019-03-15 00:00:00'),
(36, '2019-03-15 08:03:58', 165, 6, '1372', 'ou', 1, 0, '', 0, 137, '2019-03-15 00:00:00'),
(37, '2019-03-15 08:03:58', 4, 6, '1372', 'ou', 1, 0, '', 0, 137, '2019-03-15 00:00:00'),
(38, '2019-03-15 08:03:58', 20, 6, '1372', 'ou', 1, 0, '', 0, 137, '2019-03-15 00:00:00'),
(39, '2019-03-15 08:03:44', 166, 6, '241', 'ou', 1, 0, '', 0, 24, '2019-03-15 00:00:00'),
(40, '2019-03-15 08:03:44', 31, 6, '241', 'ou', 6, 0, '', 0, 24, '2019-03-15 00:00:00'),
(41, '2019-03-15 08:03:44', 32, 6, '241', 'ou', 2, 0, '', 0, 24, '2019-03-15 00:00:00'),
(42, '2019-03-15 16:03:22', 32, 6, '1412', 'ou', 1, 0, '', 0, 141, '2019-03-15 00:00:00'),
(43, '2019-03-18 14:03:44', 3, 6, '231', 'ou', 5, 0, '', 0, 23, '2019-03-18 00:00:00');

-- --------------------------------------------------------

--
-- Table structure for table `tb_orderfile`
--

CREATE TABLE IF NOT EXISTS `tb_orderfile` (
`orderFileID` int(7) NOT NULL,
  `createdate` datetime DEFAULT NULL,
  `productID` int(5) NOT NULL,
  `categoryID` int(5) NOT NULL,
  `orderID` varchar(8) DEFAULT NULL,
  `statusOrder` varchar(20) NOT NULL,
  `amount` int(4) NOT NULL,
  `price` float DEFAULT NULL,
  `detail` varchar(100) DEFAULT NULL,
  `statusfile` int(1) NOT NULL,
  `cusid` int(3) NOT NULL,
  `sellerID` int(3) NOT NULL,
  `NumProductID` varchar(20) NOT NULL
) ENGINE=InnoDB AUTO_INCREMENT=598 DEFAULT CHARSET=utf8;

--
-- Dumping data for table `tb_orderfile`
--

INSERT INTO `tb_orderfile` (`orderFileID`, `createdate`, `productID`, `categoryID`, `orderID`, `statusOrder`, `amount`, `price`, `detail`, `statusfile`, `cusid`, `sellerID`, `NumProductID`) VALUES
(1, '2018-10-01 00:00:00', 35, 6, '0', 'am', 9, 15, 'ยอดยกมา ปี 2561', 0, 0, 0, ''),
(2, '2018-10-02 00:00:00', 35, 6, '0', 'ou', -1, 15, 'จ่ายให้ นางฉวีวรรณ ', 0, 0, 0, ''),
(3, '2018-10-25 00:00:00', 35, 6, '0', 'in', 24, 12.3, 'รับพัสดุ', 0, 0, 0, ''),
(4, '2018-10-01 00:00:00', 36, 6, '0', 'am', 4, 6, 'ยอดยกมาปี 61', 0, 0, 0, ''),
(5, '2018-10-02 00:00:00', 36, 6, '0', 'ou', -2, 6, 'จ่ายให้ ฉวีวรรณ', 0, 0, 0, ''),
(6, '2018-10-02 00:00:00', 36, 6, '0', 'ou', -1, 6, 'จ่่ายให้ ฉวีวรรณ', 0, 0, 0, ''),
(7, '2018-10-25 00:00:00', 36, 6, '0', 'in', 12, 12.34, 'ลวดเย็บกระดาษ เบอร์ 8', 0, 0, 0, ''),
(8, '2018-10-01 00:00:00', 34, 6, '0', 'in', 8, 6.48, 'ยกยอด ปี 2561', 0, 0, 0, ''),
(9, '2018-10-02 00:00:00', 34, 6, '0', 'ou', -2, 6, 'จ่ายให้ ฉวีวรรณ', 1, 0, 0, ''),
(10, '2018-10-02 00:00:00', 34, 6, '0', 'ou', -2, 6, 'จ่ายให้ เอกชัย', 1, 0, 0, ''),
(11, '2018-10-02 00:00:00', 34, 6, '0', 'in', 2, 6, 'จ่ายให้ ฉวีวรรณ', 1, 0, 0, ''),
(12, '2018-10-25 00:00:00', 34, 6, '0', 'in', 24, 6, 'รับพัสดุ', 0, 0, 0, ''),
(13, '2018-10-25 00:00:00', 29, 6, '0', 'ou', -2, 32, 'จ่ายให้เอกชัย', 0, 0, 0, ''),
(14, '2018-10-01 00:00:00', 25, 6, '0', 'am', 3, 66, 'ยอดยกมาปี 2561', 0, 0, 0, ''),
(15, '2018-10-01 00:00:00', 33, 6, '0', 'am', 0, 0, 'ยอดยกมาปี 2561', 0, 0, 0, ''),
(16, '2018-10-01 00:00:00', 24, 6, '0', 'am', 3, 5, 'ยอดยกมาปีี 2561', 0, 0, 0, ''),
(17, '2018-10-01 00:00:00', 21, 6, '0', 'am', 0, 0, 'ยอดยกมาปี 2561', 0, 0, 0, ''),
(18, '2018-10-25 00:00:00', 21, 6, '0', 'in', 6, 25, 'รับพัสดุ', 0, 0, 0, ''),
(19, '2018-10-01 00:00:00', 18, 6, '0', 'am', 0, 0, 'ยอดยกมาปี 61', 0, 0, 0, ''),
(20, '2018-10-01 00:00:00', 37, 6, '0', 'am', 1, 10, 'ยอดยกมาปี 61', 0, 0, 0, ''),
(21, '2018-10-02 00:00:00', 37, 6, '0', 'ou', -1, 10, 'จ่ายให้ ฉวีวรรณ', 0, 0, 0, ''),
(22, '2018-10-01 00:00:00', 38, 6, '0', 'am', 0, 0, 'ยอดยกมาปี 61', 0, 0, 0, ''),
(23, '2018-10-01 00:00:00', 6, 6, '0', 'am', 12, 4.08, 'ยอดยกมาปี 61', 0, 0, 0, ''),
(24, '2018-10-25 00:00:00', 6, 6, '0', 'in', 60, 4.17, 'คลิปดำ', 0, 0, 0, ''),
(25, '2018-10-01 00:00:00', 8, 6, '0', 'am', 0, 0, 'ยอดยกมาปี 2561', 1, 0, 0, ''),
(26, '2018-10-01 00:00:00', 8, 6, '0', 'in', 24, 2.5, 'คลิิปดำ', 1, 0, 0, ''),
(27, '2018-10-01 00:00:00', 4, 6, '0', 'am', 0, 0, 'ยอดยกมาปี 61', 0, 0, 0, ''),
(28, '2018-10-01 00:00:00', 5, 6, '0', 'am', 0, 0, 'ยอดยกมาปี 2561', 0, 0, 0, ''),
(29, '2018-10-01 00:00:00', 16, 6, '0', 'am', 3, 7, 'ยอดยกมาปี 2561', 0, 0, 0, ''),
(30, '2018-10-02 00:00:00', 16, 6, '0', 'ou', -2, 7, 'จ่ายให้ ฉวีวรรณ', 0, 0, 0, ''),
(31, '2018-10-02 00:00:00', 16, 6, '0', 'ou', -1, 7, 'จ่ายให้ รัชนี', 0, 0, 0, ''),
(32, '2018-10-01 00:00:00', 17, 6, '0', 'am', 0, 0, 'ยอดยกมาปี 2561', 0, 0, 0, ''),
(33, '2018-10-01 00:00:00', 28, 6, '0', 'am', 0, 0, 'ยอดยกมาปี 2561', 1, 0, 0, ''),
(34, '2018-10-01 00:00:00', 19, 6, '0', 'am', 0, 0, 'ยอดยกมาปี 2561', 0, 0, 0, ''),
(35, '2018-10-25 00:00:00', 19, 6, '0', 'in', 16, 45, 'เทปผ้ากาว', 0, 0, 0, ''),
(36, '2018-10-01 00:00:00', 14, 6, '0', 'am', 13, 4.5, 'ยอดยกมาปี 2561', 0, 0, 0, ''),
(37, '2018-10-02 00:00:00', 14, 6, '0', 'ou', -3, 0, 'จ่ายให้ ฉวีวรรณ', 0, 0, 0, ''),
(38, '2018-10-02 00:00:00', 14, 6, '0', 'ou', -10, 0, 'จ่ายให้ นันทวรรณ', 0, 0, 0, ''),
(39, '2018-10-25 00:00:00', 14, 6, '0', 'in', 50, 4.6, 'รับพัสดุ', 0, 0, 0, ''),
(40, '2018-10-01 00:00:00', 9, 6, '0', 'am', 0, 0, 'ยอดยกมาปี 2561', 0, 0, 0, ''),
(41, '2018-10-01 00:00:00', 7, 6, '0', 'am', 12, 37.92, 'ยอดยกมาปี 2561', 0, 0, 0, ''),
(42, '2018-10-01 00:00:00', 7, 6, '0', 'in', 24, 2.92, 'คลิปดำ', 0, 0, 0, ''),
(43, '2018-10-01 00:00:00', 26, 6, '0', 'am', 0, 0, 'ยอดยกมาปี 2561', 1, 0, 0, ''),
(44, '2018-10-01 00:00:00', 2, 6, '0', 'am', 0, 0, 'ยอดยกมาปี 61', 0, 0, 0, ''),
(45, '2018-10-25 00:00:00', 2, 6, '0', 'in', 9, 165, 'กระดาษการ์ด', 0, 0, 0, ''),
(46, '2018-10-25 00:00:00', 20, 6, '0', 'in', 3, 28, 'รับพัสดุ', 0, 0, 0, ''),
(47, '2018-10-25 00:00:00', 1, 6, '0', 'in', 1, 80, 'รับพัสดุ', 0, 0, 0, ''),
(48, '2018-10-25 00:00:00', 29, 6, '0', 'in', 2, 3, 'รับพัสดุ', 0, 0, 0, ''),
(49, '2018-10-25 00:00:00', 23, 6, '0', 'ou', -1, 16, 'จ่ายให้เอกชัย', 0, 0, 0, ''),
(50, '2018-10-25 00:00:00', 10, 6, '0', 'in', 4, 580, 'เครื่องคิดเลข', 0, 0, 0, ''),
(51, '2018-10-25 00:00:00', 3, 6, '0', 'in', 30, 110, 'รับพัสดุ', 0, 0, 0, ''),
(52, '2018-10-25 00:00:00', 3, 6, '0', 'ou', -1, 110, 'จ่ายให้เชาวนี', 0, 0, 0, ''),
(53, '2018-10-25 00:00:00', 3, 6, '0', 'ou', -3, 110, 'จ่ายให้รัชนี', 0, 0, 0, ''),
(54, '2018-10-25 00:00:00', 3, 6, '0', 'ou', -5, 110, 'จ่ายให้พนัส', 0, 0, 0, ''),
(55, '2018-10-29 00:00:00', 3, 6, '0', 'ou', -2, 110, 'จ่ายให้พิมพ์ชนก', 0, 0, 0, ''),
(56, '2018-10-29 00:00:00', 3, 6, '0', 'ou', -2, 110, 'จ่ายให้วิทยา', 0, 0, 0, ''),
(57, '2018-10-25 00:00:00', 32, 6, '0', 'in', 6, 72, 'รับพัสดุ', 0, 0, 0, ''),
(58, '2018-10-25 00:00:00', 32, 6, '0', 'ou', -1, 72, 'จ่ายให้พิมพ์ชนก', 0, 0, 0, ''),
(59, '2018-10-25 00:00:00', 39, 6, '0', 'in', 12, 120, 'รับพััสดุ', 1, 0, 0, ''),
(60, '2018-10-25 00:00:00', 11, 6, '0', 'in', 2, 68, 'รับพัสดุุ', 0, 0, 0, ''),
(61, '2018-10-25 00:00:00', 30, 6, '0', 'in', 12, 9, 'รับพัสดุ', 0, 0, 0, ''),
(62, '2018-10-25 00:00:00', 12, 6, '0', 'in', 20, 3.9, 'รับพัสดุ', 0, 0, 0, ''),
(63, '2018-10-25 00:00:00', 27, 6, '0', 'in', 50, 29, 'รับพัสดุ', 0, 0, 0, ''),
(64, '2018-10-25 00:00:00', 15, 6, '0', 'in', 50, 2.7, 'รับพัสดุ', 0, 0, 0, ''),
(65, '2018-10-25 00:00:00', 38, 6, '0', 'in', 10, 8, 'รับพัสดุ', 0, 0, 0, ''),
(66, '2018-10-25 00:00:00', 31, 6, '0', 'in', 12, 72, 'รับพัสดุ', 0, 0, 0, ''),
(67, '2018-10-25 00:00:00', 23, 6, '0', 'in', 1, 16, 'รับพัสดุ', 0, 0, 0, ''),
(68, '2018-10-25 00:00:00', 34, 6, '0', 'ou', -2, 6, 'จ่ายให้ เอกชััย', 0, 0, 0, ''),
(69, '2018-10-25 00:00:00', 22, 6, '0', 'in', 2, 34, 'รับพัสดุ', 0, 0, 0, ''),
(70, '2018-10-25 00:00:00', 13, 6, '0', 'in', 1, 295, 'รับพัสดุ', 1, 0, 0, ''),
(71, '2018-10-28 00:00:00', 10, 6, '0', 'ou', -2, 580, 'จ่ายให้ ทรรศพงศ์', 0, 0, 0, ''),
(72, '2018-10-28 00:00:00', 3, 6, '0', 'ou', -2, 110, 'จ่ายให้ ทรรศพงศ์', 0, 0, 0, ''),
(73, '2018-10-29 00:00:00', 3, 6, '0', 'ou', -5, 110, 'จ่ายให้ เชาวนี', 0, 0, 0, ''),
(74, '2018-11-06 00:00:00', 3, 6, '0', 'ou', -3, 110, 'จ่ายให้เชาวนีี', 1, 0, 0, ''),
(75, '2018-11-06 00:00:00', 3, 6, '0', 'ou', -5, 110, 'จ่ายให้ นันทวรรณ', 0, 0, 0, ''),
(76, '2018-11-06 00:00:00', 34, 6, '0', 'ou', -2, 6, 'จ่ายให้นันทวรรณ ', 0, 0, 0, ''),
(77, '2018-11-06 00:00:00', 35, 6, '0', 'ou', -1, 15, 'จ่ายให้นัันวรรณ', 0, 0, 0, ''),
(78, '2018-11-07 00:00:00', 4, 6, '0', 'in', 3, 95, 'รับพัสดุ', 0, 0, 0, ''),
(79, '2018-11-07 00:00:00', 41, 6, '0', 'in', 2, 18, 'รับพัสดุ', 0, 0, 0, ''),
(80, '2018-11-07 00:00:00', 16, 6, '0', 'in', 32, 28, 'รับพัสดุ', 0, 0, 0, ''),
(81, '2018-11-07 00:00:00', 3, 6, '0', 'in', 20, 110, 'รับพัสดุ', 0, 0, 0, ''),
(82, '2018-11-07 00:00:00', 40, 6, '0', 'in', 36, 29, 'รับพัสดุ', 1, 0, 0, ''),
(90, '2018-11-15 00:00:00', 3, 6, '1', 'in', 1, 0, '', 1, 0, 0, ''),
(91, '2018-11-15 00:00:00', 8, 6, '1', 'in', 1, 0, '', 1, 0, 0, ''),
(92, '2018-11-19 00:00:00', 3, 6, '1', 'in', 4, 0, '', 1, 0, 0, ''),
(93, '2018-11-19 00:00:00', 3, 6, '1', 'ou', -2, 0, 'à¸ˆà¹ˆà¸²à¸¢à¹ƒà¸«à¹‰à¸­à¸¡à¸£à¸£à¸±à¸•à¸™à¹Œ', 1, 0, 0, ''),
(94, '2018-11-20 00:00:00', 3, 6, '1', 'in', 0, 0, '', 1, 0, 0, ''),
(95, '2018-11-20 00:00:00', 3, 6, '1', 'in', 5, 0, 'ทดสอบ', 1, 0, 0, ''),
(96, '2018-11-08 00:00:00', 3, 6, '1', 'ou', -3, 0, 'จ่ายให้จุฑามาศ', 0, 0, 0, ''),
(97, '2018-11-07 00:00:00', 40, 6, '1', 'ou', -24, 0, 'จ่ายให้ทรรศพงศ์', 1, 0, 0, ''),
(98, '2018-11-12 00:00:00', 3, 6, '1', 'ou', -4, 0, 'จ่ายให้รัชนี', 0, 0, 0, ''),
(99, '2018-11-19 00:00:00', 22, 6, '1', 'ou', -2, 0, 'จ่ายให้พนัส', 1, 0, 0, ''),
(100, '2018-11-19 00:00:00', 35, 6, '1', 'ou', -4, 0, 'จ่ายให้พนัส', 1, 0, 0, ''),
(101, '2018-11-19 00:00:00', 21, 6, '1', 'ou', -4, 0, 'จ่ายให้พนัส', 1, 0, 0, ''),
(102, '2018-11-19 00:00:00', 38, 6, '1', 'ou', -6, 0, 'จ่ายให้พนัส', 1, 0, 0, ''),
(103, '2018-11-19 00:00:00', 6, 6, '1', 'ou', -48, 0, '', 1, 0, 0, ''),
(104, '2018-11-19 00:00:00', 10, 6, '1', 'ou', -2, 0, 'จ่ายให้พนัส', 1, 0, 0, ''),
(105, '2018-11-19 00:00:00', 13, 6, '1', 'ou', -300, 0, 'จ่ายให้พนัส', 0, 0, 0, ''),
(106, '2018-11-19 00:00:00', 19, 6, '1', 'ou', -10, 0, 'จ่ายให้พนัส', 1, 0, 0, ''),
(107, '2018-11-19 00:00:00', 2, 6, '1', 'ou', -5, 0, 'จ่ายให้พนัส', 1, 0, 0, ''),
(108, '2018-11-19 00:00:00', 11, 6, '1', 'ou', -2, 0, 'จ่ายให้พนัส', 1, 0, 0, ''),
(109, '2018-11-19 00:00:00', 39, 6, '1', 'ou', -6, 0, 'จ่ายให้พนัส', 1, 0, 0, ''),
(110, '2018-11-19 00:00:00', 30, 6, '1', 'ou', -12, 0, 'จ่ายให้พนัส', 1, 0, 0, ''),
(111, '2018-11-19 00:00:00', 31, 6, '1', 'ou', -6, 0, 'จ่ายให้พนัส', 1, 0, 0, ''),
(112, '2018-11-19 09:11:21', 22, 6, '1', 'ou', -2, 0, 'จ่ายให้พนัส สาริกา', 0, 0, 0, ''),
(113, '2018-11-19 09:11:46', 35, 6, '1', 'ou', -4, 0, 'จ่ายให้พนัส สาริกา', 0, 0, 0, ''),
(114, '2018-11-19 09:11:21', 21, 6, '1', 'ou', -4, 0, 'จ่ายให้พนัส สาริกา', 0, 0, 0, ''),
(115, '2018-11-19 09:11:53', 38, 6, '1', 'ou', -6, 0, 'จ่ายให้พนัส สาริกา', 0, 0, 0, ''),
(116, '2018-11-19 09:11:43', 6, 6, '1', 'ou', -48, 0, 'จ่ายให้พนัส สาริกา', 1, 0, 0, ''),
(117, '2018-11-19 09:11:08', 10, 6, '1', 'ou', -2, 0, 'จ่ายให้พนัส สาริกา', 0, 0, 0, ''),
(118, '2018-11-19 09:11:35', 13, 6, '1', 'ou', -300, 0, 'จ่ายให้พนัส สาริกา', 1, 0, 0, ''),
(119, '2018-11-19 09:11:11', 19, 6, '1', 'ou', -10, 0, 'จ่ายให้พนัส สาริกา', 0, 0, 0, ''),
(120, '2018-11-19 09:11:32', 2, 6, '1', 'ou', -5, 0, 'จ่ายให้พนัส สาริกา', 0, 0, 0, ''),
(121, '2018-11-19 09:11:21', 11, 6, '1', 'ou', -2, 0, 'จ่ายให้พนัส สาริกา', 0, 0, 0, ''),
(122, '2018-11-19 09:11:58', 39, 6, '1', 'ou', -6, 0, 'จ่ายให้พนัส สาริกา', 1, 0, 0, ''),
(123, '2018-11-19 09:11:44', 30, 6, '1', 'ou', -12, 0, 'จ่ายให้พนัส สาริกา', 0, 0, 0, ''),
(124, '2018-11-19 09:11:49', 31, 6, '1', 'ou', -6, 0, 'จ่ายให้พนัส สาริกา', 1, 0, 0, ''),
(125, '2018-11-15 09:11:40', 17, 6, '1', 'in', 8, 0, '', 0, 0, 0, ''),
(126, '2018-11-15 09:11:25', 40, 6, '1', 'in', 12, 0, '', 1, 0, 0, ''),
(127, '2018-11-19 09:11:01', 45, 6, '1', 'in', 12, 0, '', 1, 0, 0, ''),
(128, '2018-11-19 09:11:30', 45, 6, '1', 'ou', -2, 0, 'จ่ายให้อรทัย สุวรรณา', 1, 0, 0, ''),
(129, '2018-11-19 09:11:55', 45, 6, '1', 'ou', -10, 0, 'จ่ายให้พนัส สาริกา', 1, 0, 0, ''),
(130, '2018-11-07 10:11:24', 3, 6, '1', 'ou', -1, 0, 'จ่ายให้เอกชัย บุรีรัตน์', 0, 0, 0, ''),
(131, '2018-11-20 10:11:54', 3, 6, '1', 'ou', -1, 0, 'จ่ายให้พิมพ์ชนก ณ ปัญญา', 0, 0, 0, ''),
(132, '2018-11-20 10:11:14', 3, 6, '1', 'ou', -1, 0, 'จ่ายให้นันทวรรณ เอ็นเมืองเหล็ก', 0, 0, 0, ''),
(133, '2018-11-22 10:11:42', 3, 6, '1', 'ou', -2, 0, 'จ่ายให้รัชนี  ศรีธิหล้า', 1, 0, 0, ''),
(134, '2018-11-20 10:11:15', 34, 6, '1', 'ou', -2, 0, 'จ่ายให้เอกชัย บุรีรัตน์', 1, 0, 0, ''),
(135, '2018-11-22 10:11:23', 4, 6, '1', 'ou', -1, 0, 'จ่ายให้รัชนี  ศรีธิหล้า', 0, 0, 0, ''),
(136, '2018-11-22 10:11:48', 34, 6, '1', 'ou', -3, 0, 'จ่ายให้รัชนี  ศรีธิหล้า', 1, 0, 0, ''),
(137, '2018-11-20 10:11:44', 16, 6, '1', 'ou', -4, 0, 'จ่ายให้นันทวรรณ เอ็นเมืองเหล็ก', 0, 0, 0, ''),
(138, '2018-11-20 11:11:04', 16, 6, '1', 'ou', -2, 0, 'จ่ายให้ปลัด', 0, 0, 0, ''),
(139, '2018-11-19 11:11:47', 3, 6, '1', 'ou', -2, 0, 'จ่ายให้อมรรัตน์ พรหมจักร', 0, 0, 0, ''),
(140, '2018-11-22 14:11:49', 31, 6, '1', 'ou', -1, 0, 'จ่ายให้อมรรัตน์ พรหมจักร', 1, 0, 0, ''),
(141, '2018-10-02 14:11:01', 34, 6, '1', 'ou', -2, 0, 'จ่ายให้ฉวีวรรณ สุทธิ', 0, 0, 0, ''),
(142, '2018-10-02 14:11:24', 34, 6, '1', 'ou', -2, 0, 'จ่ายให้เอกชัย บุรีรัตน์', 1, 0, 0, ''),
(143, '2018-10-02 14:11:48', 34, 6, '1', 'ou', -2, 0, 'จ่ายให้นันทวรรณ เอ็นเมืองเหล็ก', 0, 0, 0, ''),
(144, '2018-10-02 14:11:36', 34, 6, '1', 'ou', -4, 0, 'จ่ายให้เอกชัย บุรีรัตน์', 0, 0, 0, ''),
(145, '2018-11-19 14:11:03', 6, 6, '1', 'ou', -48, 0, 'จ่ายให้พนัส สาริกา', 0, 0, 0, ''),
(146, '2018-11-19 14:11:01', 45, 6, '1', 'in', 12, 0, '', 1, 0, 0, ''),
(147, '2018-11-19 14:11:22', 45, 6, '1', 'in', 12, 0, 'รับพัสดุจาก ลานทองพลาสติก', 0, 0, 0, ''),
(148, '2018-11-19 14:11:44', 45, 6, '1', 'ou', -2, 0, 'จ่ายให้อรทัย สุวรรณา', 0, 0, 0, ''),
(149, '2018-11-19 14:11:00', 45, 6, '1', 'in', 10, 0, 'จ่ายให้พนัส สาริกา', 1, 0, 0, ''),
(150, '2018-11-19 14:11:43', 45, 6, '1', 'ou', -10, 0, 'จ่ายให้พนัส สาริกา', 0, 0, 0, ''),
(151, '2018-11-19 14:11:35', 31, 6, '1', 'ou', -6, 0, 'จ่ายให้พนัส สาริกา', 0, 0, 0, ''),
(152, '2018-11-27 11:11:43', 46, 0, '1', 'in', 2, 0, '', 1, 18, 3, ''),
(153, '2018-11-28 11:11:21', 46, 0, '1', 'in', 2, 0, '', 1, 18, 4, ''),
(154, '2018-11-27 14:11:08', 46, 6, '1', 'in', 72, 0, '', 0, 0, 2, ''),
(155, '2018-11-28 14:11:47', 47, 6, '1', 'in', 2, 0, '', 1, 0, 2, ''),
(156, '2018-11-28 14:11:35', 47, 6, '1', 'in', 2, 0, '', 1, 0, 2, ''),
(157, '2018-11-27 14:11:42', 47, 6, '1', 'in', 2, 0, '', 0, 0, 2, ''),
(158, '2018-11-28 14:11:09', 46, 6, '1', 'ou', -72, 0, '', 0, 22, 0, ''),
(159, '2018-11-28 14:11:33', 47, 6, '1', 'ou', -2, 0, '', 0, 22, 0, ''),
(160, '2018-11-28 14:11:30', 13, 6, '1', 'in', 500, 0, '', 1, 0, 2, ''),
(161, '2018-10-25 14:11:50', 13, 6, '1', 'in', 500, 0, '', 0, 0, 2, ''),
(162, '2018-11-29 15:11:02', 25, 6, '1', 'ou', -1, 0, '', 0, 19, 0, ''),
(163, '2562-02-04 13:12:30', 3, 6, '1', 'ou', -3, 0, '', 1, 39, 0, ''),
(164, '2018-12-04 13:12:33', 3, 6, '1', 'ou', -3, 0, '', 0, 39, 0, ''),
(165, '2018-12-06 13:12:01', 3, 6, '1', 'ou', -1, 0, '', 0, 32, 0, ''),
(166, '2018-12-07 13:12:11', 25, 6, '1', 'ou', -1, 0, '', 0, 31, 0, ''),
(167, '2018-12-07 13:12:31', 25, 6, '1', 'ou', -1, 0, '', 0, 29, 0, ''),
(168, '2018-12-11 16:12:01', 48, 6, '1', 'in', 50, 0, '', 1, 0, 2, ''),
(169, '2018-12-11 16:12:34', 48, 6, '1', 'in', 1, 0, '', 0, 0, 2, ''),
(170, '2018-12-11 16:12:02', 3, 6, '1', 'in', 10, 0, '', 0, 0, 2, ''),
(171, '2018-12-11 16:12:12', 51, 6, '1', 'in', 2, 0, '', 0, 0, 2, ''),
(172, '2018-12-11 16:12:44', 51, 6, '1', 'ou', -2, 0, '', 0, 39, 0, ''),
(173, '2018-12-11 16:12:57', 48, 6, '1', 'in', 1, 0, '', 1, 0, 2, ''),
(174, '2018-12-11 16:12:15', 48, 6, '1', 'ou', -1, 0, '', 1, 18, 0, ''),
(175, '2018-12-11 11:12:46', 53, 6, '1', 'in', 1, 0, '', 0, 0, 2, ''),
(176, '2018-12-11 11:12:13', 52, 18, '1', 'in', 1, 0, '', 0, 0, 2, ''),
(177, '2018-12-12 11:12:26', 52, 18, '1', 'ou', -1, 0, '', 0, 18, 0, ''),
(178, '2018-12-17 10:12:18', 3, 6, '1', 'ou', -5, 0, '', 0, 26, 0, ''),
(179, '2018-12-17 10:12:29', 3, 6, '1', 'ou', -2, 0, '', 1, 40, 0, ''),
(180, '2018-12-13 10:12:58', 3, 6, '1', 'ou', -2, 0, '', 0, 40, 0, ''),
(181, '2018-10-12 14:12:46', 54, 21, '1', 'in', 5, 0, '', 1, 0, 3, ''),
(182, '2018-12-17 14:12:47', 54, 21, '1', 'ou', -5, 0, '', 1, 42, 0, ''),
(183, '2018-12-17 14:12:37', 55, 48, '1', 'in', 50, 0, '', 1, 0, 2, ''),
(184, '2018-12-17 15:12:59', 55, 48, '1', 'ou', -50, 0, '', 1, 22, 0, ''),
(185, '2018-10-14 15:12:27', 56, 21, '1', 'in', 5000, 0, '', 1, 0, 6, ''),
(186, '2018-10-14 15:12:52', 56, 21, '1', 'ou', -5000, 0, '', 1, 22, 0, ''),
(187, '2018-12-14 15:12:18', 57, 21, '1', 'in', 1, 0, '', 1, 0, 7, ''),
(188, '2018-10-14 15:12:11', 57, 21, '1', 'ou', -1, 0, '', 1, 39, 0, ''),
(189, '2018-10-14 15:12:32', 54, 21, '1', 'ou', -5, 0, '', 1, 42, 0, ''),
(190, '2018-10-12 15:12:03', 54, 21, '1', 'ou', -5, 0, '', 0, 42, 0, ''),
(191, '2018-10-23 15:12:18', 56, 21, '1', 'ou', -5000, 0, '', 1, 22, 0, ''),
(192, '2018-10-21 15:12:57', 56, 21, '1', 'ou', -5000, 0, '', 0, 38, 0, ''),
(193, '2018-12-23 15:12:19', 59, 48, '1', 'ou', -1, 0, '', 1, 22, 0, ''),
(194, '2018-10-23 15:12:49', 59, 48, '1', 'in', 1, 0, '', 1, 0, 8, ''),
(195, '2018-10-23 15:12:53', 55, 48, '1', 'in', 50, 0, '', 1, 0, 2, ''),
(196, '2018-10-23 15:12:20', 55, 48, '1', 'ou', -1, 0, '', 1, 22, 0, ''),
(197, '2018-10-23 15:12:07', 55, 48, '1', 'ou', -50, 0, '', 0, 22, 0, ''),
(198, '2018-10-23 15:12:31', 59, 48, '1', 'in', 1, 0, '', 0, 0, 8, ''),
(199, '2018-10-23 15:12:53', 59, 48, '1', 'ou', -1, 0, '', 0, 22, 0, ''),
(200, '2018-10-25 16:12:17', 60, 49, '1', 'in', 20, 0, '', 0, 0, 9, ''),
(201, '2018-10-25 16:12:39', 60, 49, '1', 'ou', -20, 0, '', 0, 25, 0, ''),
(202, '2018-10-25 16:12:24', 61, 49, '1', 'in', 60, 0, '', 0, 0, 4, ''),
(203, '2018-10-25 16:12:56', 61, 49, '1', 'ou', -60, 0, '', 0, 25, 0, ''),
(204, '2018-10-25 16:12:27', 62, 49, '1', 'in', 20, 0, '', 0, 0, 4, ''),
(205, '2018-10-25 16:12:47', 62, 49, '1', 'ou', -240, 0, '', 1, 25, 0, ''),
(206, '2018-10-25 16:12:31', 62, 49, '1', 'ou', -20, 0, '', 0, 25, 0, ''),
(207, '2018-10-25 16:12:55', 63, 49, '1', 'ou', -240, 0, '', 0, 25, 0, ''),
(208, '2018-10-25 16:12:20', 64, 49, '1', 'in', 120, 0, '', 0, 0, 4, ''),
(209, '2018-10-25 16:12:38', 64, 49, '1', 'ou', -120, 0, '', 0, 25, 0, ''),
(210, '2018-10-25 16:12:09', 65, 49, '1', 'in', 4, 0, '', 0, 0, 4, ''),
(211, '2018-10-25 16:12:45', 65, 49, '1', 'ou', -4, 0, '', 0, 25, 0, ''),
(212, '2018-10-25 16:12:07', 66, 49, '1', 'in', 1, 0, '', 0, 0, 4, ''),
(213, '2018-10-25 16:12:27', 66, 49, '1', 'ou', -1, 0, '', 0, 25, 0, ''),
(214, '2018-10-25 16:12:46', 67, 49, '1', 'in', 60, 0, '', 0, 0, 4, ''),
(215, '2018-10-25 16:12:06', 67, 49, '1', 'ou', -60, 0, '', 0, 25, 0, ''),
(216, '2018-10-25 16:12:35', 68, 49, '1', 'in', 1000, 0, '', 0, 0, 10, ''),
(217, '2018-10-25 16:12:59', 68, 49, '1', 'ou', -1000, 0, '', 0, 25, 0, ''),
(218, '2018-12-25 16:12:14', 69, 48, '1', 'in', 4, 0, '', 1, 0, 2, ''),
(219, '2018-10-25 16:12:37', 70, 48, '1', 'in', 10, 0, '', 1, 0, 2, ''),
(220, '2018-10-25 16:12:57', 71, 48, '1', 'in', 20, 0, '', 1, 0, 2, ''),
(221, '2018-10-25 16:12:16', 69, 48, '1', 'ou', -4, 0, '', 1, 32, 0, ''),
(222, '2018-10-25 16:12:35', 70, 48, '1', 'ou', -10, 0, '', 1, 32, 0, ''),
(223, '2018-10-25 16:12:54', 71, 48, '1', 'ou', -20, 0, '', 1, 32, 0, ''),
(224, '2018-10-23 16:12:09', 55, 48, '1', 'in', 50, 0, '', 0, 0, 2, ''),
(225, '2018-10-11 16:12:01', 69, 48, '1', 'in', 4, 0, '', 0, 0, 2, ''),
(226, '2018-10-11 16:12:22', 70, 48, '1', 'in', 10, 0, '', 0, 0, 2, ''),
(227, '2018-10-11 16:12:08', 71, 48, '1', 'in', 20, 0, '', 0, 0, 2, ''),
(228, '2018-10-11 16:12:28', 69, 48, '1', 'ou', -4, 0, '', 1, 18, 0, ''),
(229, '2018-10-11 16:12:04', 69, 48, '1', 'ou', -4, 0, '', 0, 32, 0, ''),
(230, '2018-10-11 16:12:21', 70, 48, '1', 'ou', -10, 0, '', 0, 32, 0, ''),
(231, '2018-10-11 16:12:40', 71, 48, '1', 'ou', -20, 0, '', 0, 32, 0, ''),
(232, '2018-10-19 16:12:19', 72, 48, '1', 'in', 6, 0, '', 0, 0, 5, ''),
(233, '2018-10-19 16:12:01', 72, 48, '1', 'ou', -6, 0, '', 0, 22, 0, ''),
(234, '2018-10-19 16:12:31', 73, 48, '1', 'in', 4, 0, '', 0, 0, 5, ''),
(235, '2018-10-19 16:12:52', 73, 48, '1', 'ou', -4, 0, '', 0, 22, 0, ''),
(236, '2018-10-19 16:12:16', 74, 48, '1', 'in', 3, 0, '', 0, 0, 5, ''),
(237, '2018-10-19 16:12:37', 74, 48, '1', 'ou', -3, 0, '', 0, 22, 0, ''),
(238, '2018-10-19 16:12:12', 75, 48, '1', 'in', 12, 0, '', 0, 0, 5, ''),
(239, '2018-10-19 16:12:32', 75, 48, '1', 'ou', -12, 0, '', 0, 22, 0, ''),
(240, '2018-10-12 08:12:08', 76, 6, '1', 'in', 6, 0, '', 1, 0, 11, ''),
(241, '2018-10-12 08:12:16', 76, 6, '1', 'ou', -6, 0, '', 1, 32, 0, ''),
(242, '2018-10-10 08:12:33', 76, 6, '1', 'in', 6, 0, '', 0, 0, 11, ''),
(243, '2018-10-10 08:12:52', 76, 6, '1', 'ou', -6, 0, '', 0, 32, 0, ''),
(244, '2018-11-06 09:12:35', 77, 18, '1', 'in', 2, 0, '', 0, 0, 12, ''),
(245, '2018-11-19 09:12:09', 77, 18, '1', 'ou', -1, 0, '', 0, 21, 0, ''),
(246, '2018-12-18 09:12:24', 77, 18, '1', 'ou', -1, 0, '', 0, 22, 0, ''),
(247, '2018-10-22 14:12:21', 78, 48, '1', 'in', 1, 0, '', 1, 0, 7, ''),
(248, '2018-10-22 14:12:57', 78, 48, '1', 'ou', -1, 0, '', 1, 22, 0, ''),
(249, '2018-10-26 14:12:37', 79, 11, '1', 'in', 1, 0, '', 0, 0, 3, ''),
(250, '2018-10-26 14:12:56', 80, 11, '1', 'in', 1, 0, '', 0, 0, 3, ''),
(251, '2018-10-26 14:12:10', 82, 11, '1', 'in', 1, 0, '', 0, 0, 3, ''),
(252, '2018-10-26 14:12:23', 81, 11, '1', 'in', 1, 0, '', 0, 0, 3, ''),
(253, '2018-10-26 14:12:43', 82, 11, '1', 'ou', -1, 0, '', 0, 42, 0, ''),
(254, '2018-10-26 14:12:59', 81, 11, '1', 'ou', -1, 0, '', 0, 42, 0, ''),
(255, '2018-10-26 14:12:20', 79, 11, '1', 'ou', -1, 0, '', 0, 42, 0, ''),
(256, '2018-10-26 14:12:36', 80, 11, '1', 'ou', -1, 0, '', 0, 42, 0, ''),
(257, '2018-11-08 14:12:27', 85, 10, '1', 'in', 2, 0, '', 0, 0, 4, ''),
(258, '2018-11-08 14:12:47', 87, 10, '1', 'in', 1, 0, '', 0, 0, 4, ''),
(259, '2018-11-08 14:12:08', 84, 10, '1', 'in', 1, 0, '', 0, 0, 4, ''),
(260, '2018-11-08 14:12:23', 86, 10, '1', 'in', 4, 0, '', 0, 0, 4, ''),
(261, '2018-11-08 14:12:42', 83, 10, '1', 'in', 1, 0, '', 0, 0, 4, ''),
(262, '2018-11-08 14:12:02', 85, 10, '1', 'ou', -2, 0, '', 0, 38, 0, ''),
(263, '2018-11-08 14:12:23', 87, 10, '1', 'ou', -1, 0, '', 0, 38, 0, ''),
(264, '2018-11-08 14:12:44', 84, 10, '1', 'ou', -1, 0, '', 0, 38, 0, ''),
(265, '2018-11-08 14:12:04', 86, 10, '1', 'ou', -4, 0, '', 0, 38, 0, ''),
(266, '2018-11-08 14:12:20', 83, 10, '1', 'ou', -1, 0, '', 0, 38, 0, ''),
(267, '2018-11-07 14:12:58', 88, 6, '1', 'in', 1, 0, '', 0, 0, 2, ''),
(268, '2018-11-07 14:12:27', 89, 6, '1', 'in', 2, 0, '', 0, 0, 2, ''),
(269, '2018-11-08 14:12:02', 89, 6, '1', 'ou', -2, 0, '', 0, 22, 0, ''),
(270, '2018-11-08 14:12:21', 88, 6, '1', 'ou', -1, 0, '', 0, 22, 0, ''),
(271, '2018-10-21 15:12:50', 56, 21, '1', 'in', 5000, 0, '', 0, 0, 6, ''),
(272, '2018-12-19 11:12:56', 3, 6, '1', 'ou', -1, 0, '', 0, 32, 0, ''),
(273, '2018-12-19 11:12:09', 3, 6, '1', 'ou', -2, 0, '', 0, 46, 0, ''),
(274, '2018-12-19 11:12:36', 16, 6, '1', 'ou', -4, 0, '', 0, 21, 0, ''),
(275, '2018-12-19 13:12:39', 90, 21, '1', 'in', 2, 0, '', 1, 0, 15, ''),
(276, '2018-12-14 13:12:08', 90, 21, '1', 'ou', -2, 0, '', 1, 39, 0, ''),
(277, '2018-12-14 13:12:08', 90, 21, '1', 'ou', -2, 0, '', 1, 39, 0, ''),
(278, '2018-12-19 13:12:06', 91, 10, '1', 'in', 2, 0, '', 1, 0, 14, ''),
(279, '2018-12-07 13:12:06', 91, 10, '1', 'in', 1, 0, '', 1, 0, 14, ''),
(280, '2018-12-07 13:12:21', 91, 10, '1', 'ou', -2, 0, '', 1, 38, 0, ''),
(281, '2018-12-14 14:12:18', 93, 21, '1', 'in', 15, 0, '', 0, 0, 13, ''),
(282, '2018-12-14 14:12:06', 93, 21, '1', 'ou', -15, 0, '', 0, 38, 0, ''),
(283, '2018-12-20 09:12:52', 94, 6, '1', 'in', 1, 0, '', 0, 0, 2, ''),
(284, '2018-12-19 12:12:05', 97, 46, '1', 'in', 27, 0, '', 0, 0, 16, ''),
(285, '2018-12-19 12:12:25', 97, 46, '1', 'ou', -27, 0, '', 0, 25, 0, ''),
(286, '2018-12-14 12:12:57', 95, 49, '1', 'in', 100, 0, '', 1, 0, 17, ''),
(287, '2018-12-14 12:12:14', 95, 49, '1', 'ou', -100, 0, '', 1, 25, 0, ''),
(288, '2018-12-14 12:12:52', 95, 49, '1', 'ou', -100, 0, '', 1, 25, 0, ''),
(289, '2018-12-14 12:12:09', 96, 49, '1', 'in', 50, 0, '', 0, 0, 17, ''),
(290, '2018-12-14 12:12:23', 96, 49, '1', 'ou', -50, 0, '', 0, 25, 0, ''),
(291, '2018-12-14 12:12:03', 95, 49, '1', 'in', 50, 0, '', 0, 0, 17, ''),
(292, '2018-12-14 12:12:26', 95, 49, '1', 'ou', -50, 0, '', 0, 25, 0, ''),
(293, '2018-12-26 16:12:19', 3, 6, '1', 'ou', -1, 0, '', 0, 31, 0, ''),
(294, '2018-12-21 16:12:27', 3, 6, '1', 'ou', -2, 0, '', 1, 22, 0, ''),
(295, '2018-12-27 10:01:10', 20, 6, '1', 'ou', -1, 0, '', 0, 22, 0, ''),
(296, '2018-12-20 10:01:30', 94, 6, '1', 'ou', -1, 0, '', 0, 39, 0, ''),
(297, '2018-12-28 10:01:02', 15, 6, '1', 'ou', -30, 0, '', 0, 32, 0, ''),
(298, '2019-01-02 10:01:27', 3, 6, '1', 'in', 10, 0, '', 1, 0, 2, 'DST256112/0604'),
(299, '2019-01-02 14:01:08', 98, 6, '1', 'in', 12, 0, '', 1, 0, 2, 'DST256201/0007'),
(300, '2019-01-02 14:01:26', 99, 6, '1', 'in', 12, 0, '', 1, 0, 2, 'DST256201/0007'),
(301, '2019-01-02 14:01:58', 101, 6, '1', 'in', 1, 0, '', 0, 0, 2, 'DST256201/0007'),
(302, '2019-01-02 14:01:13', 100, 6, '1', 'in', 1, 0, '', 0, 0, 2, 'DST256201/0007'),
(303, '2019-01-02 14:01:28', 101, 6, '1', 'ou', -1, 0, '', 0, 18, 0, ''),
(304, '2019-01-02 14:01:14', 100, 6, '1', 'ou', -1, 0, '', 1, 1, 0, ''),
(305, '2019-01-02 15:01:43', 100, 6, '1', 'ou', -1, 0, '', 0, 1, 0, ''),
(306, '2018-11-15 11:01:42', 103, 6, '1', 'in', 90, 0, '', 1, 0, 18, ''),
(307, '2018-11-30 11:01:29', 104, 6, '1', 'in', 30, 0, '', 0, 0, 18, '3402'),
(308, '2018-11-30 11:01:35', 103, 6, '1', 'in', 90, 0, '', 0, 0, 18, '3402'),
(309, '2018-11-30 11:01:15', 103, 6, '1', 'ou', -30, 0, '', 0, 56, 0, ''),
(310, '2018-11-30 11:01:46', 103, 6, '1', 'ou', -30, 0, '', 0, 38, 0, ''),
(311, '2018-11-30 11:01:18', 103, 6, '1', 'ou', -30, 0, '', 0, 43, 0, ''),
(312, '2018-11-30 11:01:16', 104, 6, '1', 'ou', -30, 0, '', 0, 56, 0, ''),
(313, '2018-12-31 13:01:05', 103, 6, '1', 'in', 93, 0, '', 0, 0, 18, ''),
(314, '2018-12-31 13:01:33', 104, 6, '1', 'in', 31, 0, '', 0, 0, 18, ''),
(315, '2018-12-31 13:01:35', 103, 6, '1', 'ou', -31, 0, '', 0, 38, 0, ''),
(316, '2018-12-31 14:01:02', 103, 6, '1', 'ou', -31, 0, '', 0, 43, 0, ''),
(317, '2018-12-31 14:01:26', 103, 6, '1', 'ou', -31, 0, '', 0, 56, 0, ''),
(318, '2018-12-31 14:01:49', 104, 6, '1', 'ou', -31, 0, '', 0, 56, 0, ''),
(319, '2018-10-12 15:01:58', 54, 21, '1', 'in', 5, 0, '', 0, 0, 6, ''),
(320, '2018-12-20 15:01:48', 92, 21, '1', 'in', 30, 0, '', 0, 0, 6, ''),
(321, '2018-12-20 15:01:28', 92, 21, '1', 'ou', -30, 0, '', 0, 22, 0, ''),
(322, '2018-11-08 16:01:36', 105, 11, '1', 'in', 5, 0, '', 0, 0, 3, ''),
(323, '2018-11-08 16:01:00', 106, 11, '1', 'in', 2, 0, '', 0, 0, 3, ''),
(324, '2018-11-08 16:01:23', 107, 11, '1', 'in', 2, 0, '', 0, 0, 3, ''),
(325, '2018-11-08 16:01:28', 105, 11, '1', 'ou', -5, 0, '', 0, 112, 0, ''),
(326, '2018-11-08 16:01:47', 106, 11, '1', 'ou', -2, 0, '', 0, 112, 0, ''),
(327, '2018-11-08 16:01:10', 107, 11, '1', 'ou', -2, 0, '', 0, 112, 0, ''),
(328, '2018-11-09 16:01:49', 108, 11, '1', 'in', 2, 0, '', 0, 0, 3, ''),
(329, '2018-11-09 16:01:11', 109, 11, '1', 'in', 2, 0, '', 0, 0, 3, ''),
(330, '2018-11-09 16:01:28', 110, 11, '1', 'in', 2, 0, '', 1, 0, 13, ''),
(331, '2018-11-09 16:01:51', 111, 11, '1', 'in', 1, 0, '', 0, 0, 3, ''),
(332, '2018-11-09 16:01:31', 110, 11, '1', 'in', 2, 0, '', 0, 0, 3, ''),
(333, '2018-11-09 16:01:05', 108, 11, '1', 'ou', -2, 0, '', 0, 42, 0, ''),
(334, '2018-11-09 16:01:51', 109, 11, '1', 'ou', -2, 0, '', 0, 42, 0, ''),
(335, '2018-11-09 16:01:08', 110, 11, '1', 'ou', -2, 0, '', 0, 42, 0, ''),
(336, '2018-11-09 16:01:39', 111, 11, '1', 'ou', -1, 0, '', 0, 42, 0, ''),
(337, '2018-11-14 16:01:45', 112, 11, '1', 'in', 1, 0, '', 0, 0, 3, ''),
(338, '2018-11-14 16:01:02', 113, 11, '1', 'in', 1, 0, '', 0, 0, 3, ''),
(339, '2018-11-14 16:01:15', 114, 11, '1', 'in', 1, 0, '', 0, 0, 3, ''),
(340, '2018-11-14 16:01:29', 112, 11, '1', 'ou', -1, 0, '', 0, 37, 0, ''),
(341, '2018-12-14 16:01:45', 113, 11, '1', 'ou', -1, 0, '', 0, 37, 0, ''),
(342, '2018-11-14 16:01:11', 114, 11, '1', 'ou', -1, 0, '', 0, 37, 0, ''),
(343, '2018-12-21 16:01:07', 91, 10, '1', 'in', 1, 0, '', 0, 0, 14, ''),
(344, '2018-12-21 16:01:28', 91, 10, '1', 'ou', -1, 0, '', 0, 38, 0, ''),
(345, '2019-01-08 14:01:38', 3, 6, '1', 'ou', -3, 0, '', 1, 24, 0, ''),
(346, '2019-01-11 15:01:09', 115, 10, '1', 'in', 1, 0, '', 0, 0, 14, ''),
(347, '2019-01-11 15:01:39', 115, 10, '1', 'ou', -1, 0, '', 0, 38, 0, ''),
(348, '2018-11-01 14:01:59', 1, 6, '1', 'ou', -1, 0, '', 0, 21, 0, ''),
(349, '2018-12-24 14:01:09', 1, 6, '1', 'in', 1, 0, '', 0, 0, 2, ''),
(350, '2018-12-24 14:01:26', 1, 6, '1', 'ou', -1, 0, '', 0, 22, 0, ''),
(351, '2018-12-24 14:01:46', 117, 6, '1', 'in', 1, 0, '', 0, 0, 2, ''),
(352, '2018-12-12 14:01:22', 53, 6, '1', 'ou', -1, 0, '', 0, 25, 0, ''),
(353, '2018-11-29 14:01:48', 4, 6, '1', 'ou', -1, 0, '', 0, 32, 0, ''),
(354, '2018-10-25 14:01:50', 63, 49, '1', 'in', 240, 0, '', 0, 0, 4, ''),
(355, '2018-12-07 14:01:14', 118, 6, '1', 'in', 85, 0, '', 0, 0, 20, ''),
(356, '2018-12-07 14:01:43', 118, 6, '1', 'ou', -85, 0, '', 1, 38, 0, ''),
(357, '2018-12-07 14:01:24', 119, 6, '1', 'in', 1, 0, '', 0, 0, 19, ''),
(358, '2018-12-07 14:01:59', 118, 6, '1', 'ou', -85, 0, '', 0, 38, 0, ''),
(359, '2018-12-07 14:01:41', 118, 6, '1', 'ou', -1, 0, '', 1, 38, 0, ''),
(360, '2019-01-08 10:01:50', 120, 29, '1', 'in', 10, 0, '', 0, 0, 21, ''),
(361, '2019-01-08 10:01:57', 120, 29, '1', 'in', 10, 0, '', 1, 0, 21, ''),
(362, '2019-01-08 10:01:34', 120, 29, '1', 'ou', -10, 0, '', 0, 25, 0, ''),
(363, '2019-01-08 10:01:35', 121, 29, '1', 'in', 1, 0, '', 0, 0, 22, ''),
(364, '2019-01-08 10:01:03', 120, 29, '1', 'ou', -1, 0, '', 1, 75, 0, ''),
(365, '2019-01-08 10:01:45', 121, 29, '1', 'ou', -1, 0, '', 0, 75, 0, ''),
(366, '2019-01-18 13:01:57', 124, 6, '1', 'in', 6, 0, '', 1, 0, 2, 'Q256201/000148'),
(367, '2019-01-18 13:01:19', 4, 6, '1', 'in', 2, 0, '', 1, 0, 13, 'Q256201/000148'),
(368, '2019-01-18 13:01:55', 4, 6, '1', 'in', 2, 0, '', 0, 0, 2, 'Q256201/000148'),
(369, '2019-01-18 13:01:09', 123, 6, '1', 'in', 1, 0, '', 1, 0, 13, 'Q256201/000148'),
(370, '2019-01-18 13:01:30', 125, 6, '1', 'in', 2, 0, '', 0, 0, 2, 'Q256201/000148'),
(371, '2019-01-18 14:01:19', 26, 6, '1', 'in', 1, 0, '', 1, 0, 2, 'Q256201/000149'),
(372, '2019-01-18 14:01:03', 30, 6, '1', 'in', 12, 0, '', 1, 0, 2, 'Q256201/000149'),
(373, '2019-01-18 14:01:36', 126, 6, '1', 'in', 1, 0, '', 1, 0, 2, 'Q256201/000149'),
(374, '2019-01-18 14:01:58', 128, 6, '1', 'in', 1, 0, '', 1, 0, 2, 'Q256201/000149'),
(375, '2019-01-18 14:01:15', 127, 6, '1', 'in', 1, 0, '', 1, 0, 2, 'Q256201/000149'),
(376, '2019-01-18 14:01:33', 129, 6, '1', 'in', 12, 0, '', 1, 0, 2, 'Q256201/000149'),
(377, '2019-01-18 14:01:47', 18, 6, '1', 'in', 12, 0, '', 1, 0, 2, 'Q256201/000149'),
(378, '2019-01-21 09:01:39', 3, 6, '1', 'ou', -1, 0, '', 1, 31, 0, ''),
(379, '2019-01-21 09:01:50', 3, 6, '1', 'ou', -1, 0, '', 1, 32, 0, ''),
(380, '2019-01-21 09:01:05', 124, 6, '1', 'ou', -1, 0, '', 0, 31, 0, ''),
(381, '2019-01-21 13:01:43', 39, 6, '1', 'ou', -3, 0, '', 0, 25, 0, ''),
(382, '2018-10-25 13:01:50', 39, 6, '1', 'in', 12, 0, '', 0, 0, 2, ''),
(383, '2018-11-19 13:01:07', 39, 6, '1', 'ou', -8, 0, '', 0, 21, 0, ''),
(384, '2018-11-29 13:01:30', 39, 6, '1', 'ou', -1, 0, '', 0, 32, 0, ''),
(385, '2019-01-21 13:01:55', 39, 6, '1', 'ou', -3, 0, '', 1, 25, 0, ''),
(386, '2018-12-07 15:01:48', 119, 6, '1', 'ou', -1, 0, '', 0, 38, 0, ''),
(387, '2019-01-18 15:01:53', 30, 6, '1', 'ou', -12, 0, '', 1, 23, 0, ''),
(388, '2019-01-18 15:01:25', 126, 6, '1', 'ou', -1, 0, '', 1, 23, 0, ''),
(389, '2019-01-18 15:01:34', 124, 6, '1', 'in', 6, 0, '', 0, 0, 2, ''),
(390, '2019-01-18 15:01:21', 135, 51, '1', 'in', 12, 0, '', 1, 0, 2, 'Q256201/000149'),
(391, '2019-01-18 15:01:38', 135, 51, '1', 'ou', -12, 0, '', 1, 23, 0, ''),
(392, '2019-01-18 15:01:54', 132, 51, '1', 'in', 1, 0, '', 1, 0, 2, ''),
(393, '2019-01-18 15:01:09', 131, 51, '1', 'in', 1, 0, '', 1, 0, 2, 'Q256201/000149'),
(394, '2019-01-18 15:01:28', 131, 51, '1', 'in', 1, 0, '', 1, 0, 2, 'Q256201/000149'),
(395, '2019-01-18 15:01:52', 134, 51, '1', 'in', 12, 0, '', 1, 0, 2, ''),
(396, '2019-01-18 15:01:54', 134, 51, '1', 'in', 12, 0, '', 1, 0, 2, ''),
(397, '2019-01-18 15:01:17', 133, 51, '1', 'in', 12, 0, '', 1, 0, 2, ''),
(398, '2019-01-18 15:01:46', 136, 51, '1', 'in', 12, 0, '', 1, 0, 2, ''),
(399, '2019-01-18 15:01:33', 132, 51, '1', 'ou', -1, 0, '', 1, 23, 0, ''),
(400, '2019-01-18 15:01:52', 131, 51, '1', 'ou', -1, 0, '', 1, 23, 0, ''),
(401, '2019-01-18 15:01:03', 134, 51, '1', 'ou', -12, 0, '', 1, 23, 0, ''),
(402, '2019-01-18 15:01:30', 133, 51, '1', 'ou', -12, 0, '', 1, 23, 0, ''),
(403, '2019-01-18 15:01:05', 136, 51, '1', 'ou', -12, 0, '', 1, 23, 0, ''),
(404, '2019-01-18 15:01:39', 130, 51, '1', 'ou', -12, 0, '', 1, 23, 0, ''),
(405, '2019-01-17 09:01:01', 3, 6, '1', 'ou', -2, 0, '', 1, 23, 0, ''),
(406, '2019-01-18 09:01:54', 3, 6, '1', 'ou', -1, 0, '', 1, 29, 0, ''),
(407, '2019-01-09 09:01:20', 3, 6, '1', 'ou', -1, 0, '', 1, 22, 0, ''),
(408, '2019-01-11 09:01:21', 3, 6, '1', 'ou', -1, 0, '', 1, 39, 0, ''),
(409, '2019-01-23 09:01:17', 34, 6, '1', 'ou', -6, 0, '', 1, 23, 0, ''),
(410, '2019-01-23 09:01:18', 34, 6, '1', 'ou', -2, 0, '', 0, 23, 0, ''),
(411, '2019-01-18 10:01:35', 130, 51, '1', 'in', 12, 0, '', 1, 0, 2, ''),
(412, '2019-01-18 10:01:42', 132, 51, '1', 'ou', -1, 0, '', 1, 23, 0, ''),
(413, '2019-01-18 11:01:03', 130, 51, '1', 'in', 12, 0, '', 0, 0, 2, 'Q256201/000149'),
(414, '2019-01-18 11:01:23', 131, 51, '1', 'in', 1, 0, '', 0, 0, 2, 'Q256201/000149'),
(415, '2019-01-18 11:01:40', 132, 51, '1', 'in', 1, 0, '', 0, 0, 2, 'Q256201/000149'),
(416, '2019-01-18 11:01:13', 134, 51, '1', 'in', 12, 0, '', 0, 0, 2, 'Q256201/000149'),
(417, '2019-01-18 11:01:35', 133, 51, '1', 'in', 12, 0, '', 0, 0, 2, ''),
(418, '2019-01-18 11:01:54', 135, 51, '1', 'in', 12, 0, '', 0, 0, 2, 'Q256201/000149'),
(419, '2019-01-18 11:01:08', 136, 51, '1', 'in', 12, 0, '', 0, 0, 2, 'Q256201/000149'),
(420, '2019-01-18 11:01:34', 130, 51, '1', 'ou', -12, 0, '', 1, 1, 0, ''),
(421, '2019-01-18 11:01:49', 131, 51, '1', 'ou', -1, 0, '', 1, 1, 0, ''),
(422, '2019-01-18 11:01:02', 132, 51, '1', 'ou', -1, 0, '', 1, 1, 0, ''),
(423, '2019-01-18 11:01:18', 134, 51, '1', 'ou', -12, 0, '', 1, 1, 0, ''),
(424, '2019-01-18 11:01:35', 134, 51, '1', 'ou', -12, 0, '', 1, 1, 0, ''),
(425, '2019-01-18 11:01:01', 133, 51, '1', 'ou', -12, 0, '', 1, 1, 0, ''),
(426, '2019-01-18 11:01:10', 135, 51, '1', 'ou', -12, 0, '', 1, 1, 0, ''),
(427, '2019-01-18 11:01:21', 136, 51, '1', 'ou', -12, 0, '', 1, 1, 0, ''),
(428, '2019-01-18 11:01:02', 130, 51, '1', 'ou', -12, 0, '', 0, 23, 0, ''),
(429, '2019-01-18 11:01:30', 131, 51, '1', 'ou', -1, 0, '', 0, 23, 0, ''),
(430, '2019-01-18 11:01:31', 131, 51, '1', 'ou', -1, 0, '', 1, 23, 0, ''),
(431, '2019-01-18 11:01:54', 132, 51, '1', 'ou', -1, 0, '', 0, 23, 0, ''),
(432, '2019-01-18 11:01:17', 134, 51, '1', 'ou', -12, 0, '', 0, 23, 0, ''),
(433, '2019-01-18 11:01:27', 133, 51, '1', 'ou', -12, 0, '', 0, 23, 0, ''),
(434, '2019-01-18 11:01:41', 135, 51, '1', 'ou', -12, 0, '', 0, 23, 0, ''),
(435, '2019-01-18 11:01:50', 136, 51, '1', 'ou', -12, 0, '', 0, 23, 0, ''),
(436, '2019-01-23 15:01:33', 3, 6, '1', 'ou', -1, 0, '', 1, 22, 0, ''),
(437, '2019-01-23 15:01:32', 3, 6, '1', 'in', 20, 0, '', 1, 0, 2, 'DST256201/0504'),
(438, '2019-01-23 15:01:51', 3, 6, '1', 'ou', -2, 0, '', 1, 46, 0, ''),
(439, '2019-01-23 15:01:34', 39, 6, '1', 'in', 5, 0, '', 1, 0, 2, ''),
(440, '2019-01-23 15:01:14', 39, 6, '1', 'in', 5, 0, '', 0, 0, 2, 'DST256201/0504'),
(441, '2019-01-18 13:01:52', 3, 6, '1', 'ou', -1, 0, '', 1, 29, 0, ''),
(442, '2019-01-18 13:01:11', 31, 6, '1', 'ou', -1, 0, '', 0, 29, 0, ''),
(443, '2018-11-29 13:01:58', 31, 6, '1', 'ou', -2, 0, '', 0, 32, 0, ''),
(444, '2019-01-25 14:01:36', 31, 6, '1', 'ou', -2, 0, '', 0, 24, 0, ''),
(445, '2019-01-23 14:01:14', 34, 6, '1', 'ou', -2, 0, '', 1, 23, 0, ''),
(446, '2018-11-20 14:01:16', 34, 6, '1', 'ou', -2, 0, '', 0, 29, 0, ''),
(447, '2018-11-20 14:01:20', 3, 6, '1', 'ou', -1, 0, '', 1, 32, 0, ''),
(448, '2019-01-23 14:01:15', 3, 6, '1', 'ou', -1, 0, '', 1, 22, 0, ''),
(449, '2018-11-20 14:01:53', 16, 6, '1', 'ou', -1, 0, '', 1, 32, 0, ''),
(450, '2018-11-29 14:01:28', 39, 6, '1', 'ou', -1, 0, '', 1, 32, 0, ''),
(451, '2019-01-25 14:01:24', 17, 6, '1', 'ou', -1, 0, '', 1, 18, 0, ''),
(452, '2018-11-20 14:01:51', 3, 6, '1', 'ou', -1, 0, '', 1, 31, 0, ''),
(453, '2018-11-22 14:01:34', 31, 6, '1', 'ou', -1, 0, '', 0, 46, 0, ''),
(454, '2019-01-23 14:01:37', 3, 6, '1', 'ou', -1, 0, '', 1, 22, 0, ''),
(455, '2018-11-22 14:01:01', 34, 6, '1', 'ou', -3, 0, '', 0, 22, 0, ''),
(456, '2018-11-22 14:01:40', 4, 6, '1', 'ou', -1, 0, '', 1, 22, 0, ''),
(457, '2018-11-22 14:01:06', 3, 6, '1', 'ou', -2, 0, '', 0, 22, 0, ''),
(458, '2018-12-11 14:01:07', 48, 6, '1', 'ou', -1, 0, '', 0, 39, 0, ''),
(459, '2018-12-12 14:01:18', 13, 6, '1', 'ou', -100, 0, '', 0, 25, 0, ''),
(460, '2018-12-21 14:01:50', 3, 6, '1', 'ou', -2, 0, '', 0, 24, 0, ''),
(461, '2018-12-28 14:01:40', 3, 6, '1', 'in', 10, 0, '', 0, 0, 2, 'DST256201/0640'),
(462, '2018-11-05 15:01:13', 3, 6, '1', 'ou', -3, 0, '', 0, 24, 0, ''),
(463, '2018-12-26 16:01:17', 1, 6, '1', 'ou', -1, 0, '', 1, 31, 0, ''),
(464, '2019-01-18 16:01:01', 3, 6, '1', 'ou', -2, 0, '', 1, 23, 0, ''),
(465, '2019-01-08 16:01:36', 3, 6, '1', 'ou', -3, 0, '', 0, 24, 0, ''),
(466, '2019-01-11 16:01:40', 3, 6, '1', 'ou', -1, 0, '', 0, 39, 0, ''),
(467, '2019-01-23 16:01:33', 3, 6, '1', 'ou', -1, 0, '', 0, 22, 0, ''),
(468, '2019-01-18 16:01:19', 3, 6, '1', 'ou', -1, 0, '', 0, 29, 0, ''),
(469, '2019-01-21 16:01:00', 3, 6, '1', 'ou', -1, 0, '', 0, 32, 0, ''),
(470, '2019-01-21 16:01:44', 3, 6, '1', 'ou', -1, 0, '', 0, 31, 0, ''),
(471, '2019-01-18 16:01:49', 3, 6, '1', 'ou', -3, 0, '', 0, 23, 0, ''),
(472, '2019-01-23 11:01:33', 3, 6, '1', 'in', 20, 0, '', 0, 0, 2, ''),
(473, '2019-01-23 11:01:54', 3, 6, '1', 'ou', -2, 0, '', 0, 46, 0, ''),
(476, '2019-01-23 15:01:10', 137, 11, '1', 'in', 1, 0, '', 0, 0, 24, ''),
(477, '2019-01-23 15:01:29', 137, 11, '1', 'ou', -1, 0, '', 0, 25, 0, ''),
(478, '2019-02-01 10:02:32', 3, 6, '1', 'ou', -1, 0, '', 0, 22, 0, ''),
(479, '2019-02-04 10:02:14', 8, 6, '1', 'ou', -6, 0, '', 0, 19, 0, ''),
(480, '2019-02-04 10:02:53', 7, 6, '1', 'ou', -6, 0, '', 0, 19, 0, ''),
(481, '2019-02-05 10:02:18', 3, 6, '1', 'ou', -1, 0, '', 0, 32, 0, ''),
(482, '2019-02-05 10:02:12', 3, 6, '1', 'ou', -1, 0, '', 0, 22, 0, ''),
(483, '2019-02-06 13:02:26', 17, 6, '1', 'ou', -1, 0, '', 0, 38, 0, ''),
(484, '2019-01-30 13:02:09', 16, 6, '1', 'ou', -2, 0, '', 1, 18, 0, ''),
(485, '2019-01-14 13:02:12', 16, 6, '1', 'ou', -4, 0, '', 0, 18, 0, ''),
(486, '2018-11-07 13:02:35', 40, 6, '1', 'in', 48, 0, '', 0, 0, 2, ''),
(487, '2018-11-07 13:02:21', 40, 6, '1', 'ou', -24, 0, '', 0, 25, 0, ''),
(488, '2019-02-25 14:02:09', 16, 6, '1', 'ou', -2, 0, '', 1, 18, 0, ''),
(489, '2019-01-30 14:02:28', 40, 6, '1', 'ou', -2, 0, '', 0, 18, 0, ''),
(490, '2019-01-25 14:02:54', 16, 6, '1', 'ou', -2, 0, '', 0, 18, 0, ''),
(491, '2018-10-15 13:02:10', 103, 6, '1', 'in', 15, 0, '', 1, 0, 26, ''),
(492, '2018-10-15 13:02:50', 139, 6, '1', 'ou', -15, 0, '', 0, 43, 0, ''),
(493, '2018-10-15 13:02:57', 139, 6, '1', 'in', 15, 0, '', 0, 0, 26, ''),
(494, '2018-10-15 13:02:41', 138, 6, '1', 'in', 15, 0, '', 0, 0, 25, ''),
(495, '2018-10-15 13:02:15', 138, 6, '1', 'ou', -15, 0, '', 0, 43, 0, ''),
(496, '2018-12-15 13:02:37', 139, 6, '1', 'in', 15, 0, '', 1, 0, 26, ''),
(497, '2018-12-14 13:02:07', 139, 6, '1', 'ou', -15, 0, '', 0, 43, 0, ''),
(498, '2018-12-14 13:02:42', 139, 6, '1', 'in', 15, 0, '', 0, 0, 26, ''),
(499, '2019-01-15 13:02:36', 138, 6, '1', 'in', 15, 0, '', 0, 0, 25, ''),
(500, '2019-01-15 13:02:07', 138, 6, '1', 'ou', -15, 0, '', 0, 43, 0, ''),
(501, '2019-01-15 13:02:38', 139, 6, '1', 'in', 15, 0, '', 0, 0, 26, ''),
(502, '2019-01-15 13:02:59', 139, 6, '1', 'ou', -15, 0, '', 0, 43, 0, ''),
(503, '2018-12-14 13:02:45', 138, 6, '1', 'in', 15, 0, '', 0, 0, 25, ''),
(504, '2018-12-14 13:02:06', 138, 6, '1', 'ou', -15, 0, '', 0, 43, 0, ''),
(505, '2018-11-15 13:02:43', 138, 6, '1', 'in', 15, 0, '', 0, 0, 25, ''),
(506, '2018-11-15 13:02:07', 138, 6, '1', 'ou', -15, 0, '', 0, 43, 0, ''),
(507, '2018-11-15 13:02:47', 139, 6, '1', 'in', 15, 0, '', 0, 0, 26, ''),
(508, '2018-11-15 13:02:07', 139, 6, '1', 'ou', -15, 0, '', 0, 43, 0, ''),
(509, '2019-01-15 11:02:37', 0, 13, '1', 'in', 804, 0, '', 1, 0, 23, '2894'),
(510, '2019-01-15 11:02:21', 140, 13, '1', 'in', 30, 0, '', 0, 0, 23, '2894'),
(511, '2019-01-25 11:02:32', 140, 13, '1', 'in', 30, 0, '', 0, 0, 23, '2601'),
(512, '2018-10-25 10:02:40', 8, 6, '1', 'in', 24, 0, '', 0, 0, 2, ''),
(513, '2019-02-08 08:02:56', 146, 6, '1', 'in', 2, 0, '', 0, 0, 12, ''),
(514, '2019-02-08 08:02:16', 146, 6, '1', 'ou', -1, 0, '', 0, 32, 0, ''),
(515, '2019-02-14 08:02:06', 3, 6, '1', 'ou', -4, 0, '', 0, 137, 0, ''),
(516, '2019-02-14 08:02:12', 3, 6, '1', 'ou', -1, 0, '', 0, 32, 0, ''),
(517, '2019-02-14 08:02:08', 15, 6, '1', 'ou', -10, 0, '', 0, 137, 0, ''),
(518, '2019-02-18 14:02:53', 149, 6, '1', 'in', 2, 0, '', 0, 0, 12, ''),
(519, '2019-02-18 14:02:25', 149, 6, '1', 'ou', -2, 0, '', 0, 24, 0, ''),
(520, '2019-02-21 09:02:04', 3, 6, '221', 'ou', -3, 0, '', 1, 22, 0, ''),
(521, '2019-02-21 13:02:30', 3, 6, '221', 'ou', -1, 0, '', 1, 22, 0, ''),
(522, '2019-02-21 16:02:14', 3, 6, '1', 'ou', -2, 0, '', 1, 22, 0, ''),
(524, '2019-02-21 17:02:21', 3, 6, '221', 'ou', -2, 0, '', 1, 22, 0, ''),
(531, '2019-02-22 11:02:20', 3, 6, '437', 'ou', -1, 0, '', 1, 43, 0, ''),
(532, '2019-02-22 14:02:36', 3, 6, '438', 'ou', -1, 0, '', 1, 43, 0, ''),
(533, '2019-03-01 08:03:21', 3, 6, '1', 'ou', -2, 0, '', 0, 40, 0, ''),
(534, '2019-03-04 09:03:24', 3, 6, '1', 'ou', -1, 0, '', 0, 32, 0, ''),
(535, '2019-03-05 13:03:56', 117, 6, '221', 'ou', -1, 0, '', 0, 22, 0, ''),
(536, '2019-02-25 14:03:00', 150, 6, '1', 'in', 50, 0, '', 0, 0, 2, 'DST256202/0479'),
(537, '2019-02-25 14:03:31', 151, 6, '1', 'in', 1, 0, '', 0, 0, 2, 'DST256202/0479'),
(538, '2019-02-25 14:03:58', 152, 6, '1', 'in', 1, 0, '', 0, 0, 2, 'DST256202/0479'),
(539, '2019-02-26 14:03:21', 152, 6, '1', 'ou', -1, 0, '', 0, 26, 0, ''),
(540, '2019-02-26 14:03:44', 151, 6, '1', 'ou', -1, 0, '', 0, 26, 0, ''),
(541, '2019-03-05 14:03:22', 150, 6, '1', 'ou', -30, 0, '', 0, 137, 0, ''),
(542, '2019-03-05 14:03:43', 15, 6, '1', 'ou', -1, 0, '', 0, 39, 0, ''),
(543, '2019-02-28 15:03:49', 153, 10, '1', 'in', 12, 0, '', 0, 0, 4, '4'),
(544, '2019-02-28 15:03:18', 154, 10, '1', 'in', 2, 0, '', 0, 0, 4, '4'),
(545, '2019-02-28 15:03:18', 155, 10, '1', 'in', 12, 0, '', 0, 0, 4, '4'),
(546, '2019-02-28 15:03:02', 156, 10, '1', 'in', 12, 0, '', 0, 0, 4, '4'),
(547, '2019-02-28 15:03:20', 157, 10, '1', 'in', 12, 0, '', 0, 0, 4, '4'),
(548, '2019-02-28 15:03:18', 160, 10, '1', 'in', 12, 0, '', 0, 0, 4, '4'),
(549, '2019-02-28 15:03:56', 158, 10, '1', 'in', 6, 0, '', 0, 0, 4, '4'),
(550, '2019-02-28 15:03:35', 159, 10, '1', 'in', 1, 0, '', 0, 0, 4, '4'),
(551, '2019-02-28 16:03:51', 161, 10, '1', 'in', 1, 0, '', 0, 0, 4, '4'),
(552, '2019-03-05 16:03:02', 156, 10, '381', 'ou', -1, 0, '', 0, 38, 0, ''),
(553, '2019-03-05 16:03:02', 157, 10, '381', 'ou', -6, 0, '', 0, 38, 0, ''),
(554, '2019-03-05 16:03:02', 161, 10, '381', 'ou', -1, 0, '', 0, 38, 0, ''),
(555, '2019-03-05 16:03:02', 159, 10, '381', 'ou', -1, 0, '', 0, 38, 0, ''),
(556, '2019-03-05 16:03:02', 153, 10, '381', 'ou', -1, 0, '', 0, 38, 0, ''),
(557, '2019-03-06 10:03:22', 12, 6, '1371', 'ou', -1, 0, '', 0, 137, 0, ''),
(558, '2019-03-06 10:03:22', 124, 6, '1371', 'ou', -1, 0, '', 0, 137, 0, ''),
(559, '2019-03-06 11:03:13', 34, 6, '321', 'ou', -1, 0, '', 0, 32, 0, ''),
(560, '2019-03-06 11:03:13', 35, 6, '321', 'ou', -1, 0, '', 0, 32, 0, ''),
(561, '2019-03-06 11:03:19', 12, 6, '222', 'ou', -19, 0, '', 0, 22, 0, ''),
(562, '2019-03-06 11:03:19', 27, 6, '222', 'ou', -22, 0, '', 0, 22, 0, ''),
(563, '2019-03-06 13:03:53', 31, 6, '1', 'ou', -5, 0, '', 1, 21, 0, ''),
(564, '2019-03-06 13:03:14', 32, 6, '1', 'ou', -5, 0, '', 0, 21, 0, ''),
(565, '2019-03-06 14:03:34', 3, 6, '1', 'ou', -2, 0, '', 0, 22, 0, ''),
(566, '2019-03-06 14:03:14', 32, 6, '1', 'in', 24, 0, '', 0, 0, 2, ''),
(567, '2019-03-06 14:03:56', 32, 6, '223', 'ou', -15, 0, '', 0, 22, 0, ''),
(568, '2019-03-06 14:03:14', 3, 6, '291', 'ou', -1, 0, '', 0, 29, 0, ''),
(569, '2019-03-06 14:03:14', 34, 6, '291', 'ou', -1, 0, '', 0, 29, 0, ''),
(570, '2019-03-07 16:03:44', 31, 6, '1', 'in', 12, 0, '', 0, 0, 2, 'DST256203/0138'),
(571, '2019-03-07 16:03:57', 163, 6, '1', 'in', 12, 0, '', 0, 0, 2, ''),
(572, '2019-03-07 16:03:28', 164, 6, '1', 'in', 12, 0, '', 0, 0, 2, 'DST256203/0138'),
(573, '2019-03-07 16:03:51', 165, 6, '1', 'in', 2, 0, '', 0, 0, 2, 'DST256203/0138'),
(574, '2019-03-07 16:03:16', 166, 6, '1', 'in', 2, 0, '', 0, 0, 2, 'DST256203/0138'),
(575, '2019-03-07 16:03:43', 3, 6, '1', 'in', 20, 0, '', 0, 0, 2, 'DST256203/0138'),
(576, '2019-03-07 17:03:41', 123, 6, '1', 'in', 1, 0, '', 0, 0, 2, 'Q256201/000148'),
(577, '2019-03-07 17:03:21', 19, 6, '322', 'ou', -1, 0, '', 1, 32, 0, ''),
(578, '2019-03-07 17:03:21', 39, 6, '322', 'ou', -1, 0, '', 1, 32, 0, ''),
(579, '2019-03-07 17:03:53', 32, 6, '323', 'ou', -2, 0, '', 0, 32, 0, ''),
(580, '2019-03-07 17:03:53', 19, 6, '323', 'ou', -1, 0, '', 0, 32, 0, ''),
(581, '2019-03-07 17:03:53', 39, 6, '323', 'ou', -1, 0, '', 0, 32, 0, ''),
(582, '2019-03-08 12:03:16', 167, 6, '1', 'in', 12, 0, '', 0, 0, 2, ''),
(583, '2019-03-08 12:03:30', 167, 6, '324', 'ou', -12, 0, '', 0, 32, 0, ''),
(584, '2019-03-12 15:03:07', 3, 6, '1411', 'ou', -1, 0, '', 0, 141, 0, ''),
(585, '2019-03-12 15:03:07', 4, 6, '1411', 'ou', -1, 0, '', 0, 141, 0, ''),
(586, '2019-03-12 15:03:07', 34, 6, '1411', 'ou', -1, 0, '', 0, 141, 0, ''),
(587, '2019-03-12 15:03:07', 36, 6, '1411', 'ou', -1, 0, '', 0, 141, 0, ''),
(588, '2019-03-12 15:03:07', 39, 6, '1411', 'ou', -1, 0, '', 0, 141, 0, ''),
(589, '2019-03-15 08:03:58', 17, 6, '1372', 'ou', -2, 0, '', 0, 137, 0, ''),
(590, '2019-03-15 08:03:58', 165, 6, '1372', 'ou', -1, 0, '', 0, 137, 0, ''),
(591, '2019-03-15 08:03:58', 4, 6, '1372', 'ou', -1, 0, '', 0, 137, 0, ''),
(592, '2019-03-15 08:03:58', 20, 6, '1372', 'ou', -1, 0, '', 0, 137, 0, ''),
(593, '2019-03-15 08:03:44', 166, 6, '241', 'ou', -1, 0, '', 0, 24, 0, ''),
(594, '2019-03-15 08:03:44', 31, 6, '241', 'ou', -6, 0, '', 0, 24, 0, ''),
(595, '2019-03-15 08:03:44', 32, 6, '241', 'ou', -2, 0, '', 0, 24, 0, ''),
(596, '2019-03-15 16:03:22', 32, 6, '1412', 'ou', -1, 0, '', 0, 141, 0, ''),
(597, '2019-03-18 14:03:44', 3, 6, '231', 'ou', -5, 0, '', 0, 23, 0, '');

-- --------------------------------------------------------

--
-- Table structure for table `tb_plan`
--

CREATE TABLE IF NOT EXISTS `tb_plan` (
`planid` int(1) NOT NULL,
  `planname` varchar(125) NOT NULL,
  `planstatus` int(1) NOT NULL,
  `deparmentID` int(2) NOT NULL
) ENGINE=InnoDB AUTO_INCREMENT=6 DEFAULT CHARSET=utf8;

--
-- Dumping data for table `tb_plan`
--

INSERT INTO `tb_plan` (`planid`, `planname`, `planstatus`, `deparmentID`) VALUES
(1, 'ว่าง', 1, 3),
(2, 'าาาา', 1, 6),
(3, 'แผนงานบริหารงานทั่วไป', 0, 3),
(4, 'แผนงานการรักษาความสงบภายใน', 0, 3),
(5, 'งานวางแผนสถิติและวิชาการ', 0, 3);

-- --------------------------------------------------------

--
-- Table structure for table `tb_product`
--

CREATE TABLE IF NOT EXISTS `tb_product` (
`id` int(10) NOT NULL,
  `productName` varchar(125) DEFAULT NULL,
  `price` float DEFAULT NULL,
  `pic` varchar(50) DEFAULT NULL,
  `statusproduct` int(3) NOT NULL,
  `categoryID` int(4) NOT NULL
) ENGINE=InnoDB AUTO_INCREMENT=168 DEFAULT CHARSET=utf8;

--
-- Dumping data for table `tb_product`
--

INSERT INTO `tb_product` (`id`, `productName`, `price`, `pic`, `statusproduct`, `categoryID`) VALUES
(1, 'กระดาษการ์ดขาว', 80, '1001', 0, 6),
(2, 'กระดาษการ์ดสี ', 165, '1002', 0, 6),
(3, 'กระดาษ Double A', 110, '1003', 0, 6),
(4, 'กาวยูฮู', 95, '1004', 0, 6),
(5, 'กาวสองหน้าแบบหนา', 0, '1005', 0, 6),
(6, 'คลิปดำ เบอร์ 108', 4.17, '1006', 0, 6),
(7, 'คลิปดำ เบอร์ 109', 2.91, '1007', 0, 6),
(8, 'คลิปดำ เบอร์ 110', 2.5, '1008', 0, 6),
(9, 'คลิปดำ เบอร์ 111', 0, '1009', 0, 6),
(10, 'เครื่องคิดเลข ', 580, '1010', 0, 6),
(11, 'เครื่องเย็บกระดาษ เบอร์ 10', 68, '1011', 0, 6),
(12, 'ชุดสายคล้องคอพร้อมป้ายชื่อ', 3.9, '1012', 0, 6),
(13, 'ซองขาวพับ 4', 0.59, '1013', 0, 6),
(14, 'ซองน้ำตาลขยายข้าง A4', 4.6, '1014', 0, 6),
(15, 'ซองน้ำตาลไม่ขยายข้าง', 2.7, '1015', 0, 6),
(16, 'ถ่าน AA', 7, '1016', 0, 6),
(17, 'ถ่าน AAA', 28, '1017', 0, 6),
(18, 'เทปกาวย่น ', 40, '1018', 1, 6),
(19, 'เทปผ้ากาว ', 45, '1019', 0, 6),
(20, 'เทปใส 1/2', 28, '1020', 0, 6),
(21, 'เทปใส 3/4', 25, '1021', 0, 6),
(22, 'แท่นประทับ', 34, '1022', 0, 6),
(23, 'ใบมีดคัดเตอร์ ', 16, '1023', 0, 6),
(24, 'ปากกาแดง', 5, '1024', 0, 6),
(25, 'ปากกาลบคำผิด', 66, '1025', 0, 6),
(26, 'ปากกาสีน้ำเงิน ', 195, '1026', 1, 6),
(27, 'ป้ายชื่อทรงตั้ง ', 29, '1027', 0, 6),
(28, 'ผงหมึกถ่ายเอกสาร ', 0, '1028', 0, 6),
(29, 'ฟิวเจอร์บอร์ด สีน้ำเงิน ', 32, '1029', 0, 6),
(30, 'แฟ้มเจาะกระดาษ A4', 9, '1030', 1, 6),
(31, 'แฟ้มตราช้าง 2 นิ้ว', 72, '1031', 0, 6),
(32, 'แฟ้มตราช้าง 3 นิ้ว', 72, '1032', 0, 6),
(33, 'ยางลบ', 0, '1033', 0, 6),
(34, 'ลวดเย็บกระดาษ เบอร์ 10', 6, '1034', 0, 6),
(35, 'ลวดเย็บกระดาษ เบอร์ 3', 12.91, '1035', 0, 6),
(36, 'ลวดเย็บกระดาษ เบอร์ 8', 12.34, '1036', 0, 6),
(37, 'ลวดเสียบกระดาษ เบอร์ 00', 10, '1037', 0, 6),
(38, 'ลวดเสียบกระดาษ เบอร์ 01', 8, '1038', 0, 6),
(39, 'หมึกเติม ', 120, '1039', 0, 6),
(40, 'ถ่าน D', 29, '1040', 0, 6),
(41, 'กาวสองหน้าบาง', 18, '1041', 0, 6),
(43, 'fff', 0, '1234', 1, 0),
(44, 'กาวสองหน้าบาง', 3.9, '1234', 1, 6),
(45, 'กล่องเก็บของมีฝาปิดสีทึบ', 300, '1234', 0, 6),
(46, 'แฟ้มสอด A-4', 5, '1234', 0, 6),
(47, 'สมุดลงเวลาปฏิบัติงานข้าราชการ หน้าเดียว', 69, '1234', 0, 6),
(48, 'สติ๊กเกอร์กระดาษขาวด้าน A4', 110, '1234', 0, 6),
(49, 'สติ๊กเกอร์กระดาษขาวด้าน A4', 110, '1234', 1, 6),
(50, 'แผ่น CD-R KODAK', 275, '1234', 1, 0),
(51, 'แผ่น CD-R KODAK', 275, '1234', 0, 6),
(52, 'เม้าส์ไร้สาย', 280, '1234', 0, 18),
(53, 'เทปโฟมกาวสองหน้า', 250, '1234', 0, 6),
(54, 'คราด 8 ซี่', 85, '1234', 0, 21),
(55, 'ดอกไม้ประดิษฐ์ช่อเล็ก', 22, '1234', 0, 48),
(56, 'กรวยกระดาษ', 0.25, '1234', 0, 21),
(57, 'ป้ายไวนิล', 450, '1234', 0, 21),
(58, 'ผ้าเครปต่อนสีชมพู', 2340, '1234', 0, 21),
(59, 'ผ้าเครปต่อนสีชมพู', 2340, '1234', 0, 48),
(60, 'ทรายหยาบ', 400, '1234', 0, 49),
(61, 'น้ำมันพืชกุ๊ก ถั่วเหลือง 1 ลิตร', 43, '1234', 0, 49),
(62, 'มาม่า', 150, '1234', 0, 49),
(63, 'ปลากระป๋องสามแม่ครัว', 19, '1234', 0, 49),
(64, 'ข้าวสารตราทับทิม', 32, '1234', 0, 49),
(65, 'ถุงร้อน 16*26', 40, '1234', 0, 49),
(66, 'ยางรัด', 55, '1234', 0, 49),
(67, 'น้ำส้มเนสเล่ 600cc', 48, '1234', 0, 49),
(68, 'กระสอบทราย', 5, '1234', 0, 49),
(69, 'เทียนไข สีเหลือง ขนาด 5หุน', 59, '1234', 0, 48),
(70, 'เทียนไข สีเหลือง ขนาด 6 หุน', 59, '1234', 0, 48),
(71, 'โอเอซีสแห้ง', 28, '1234', 0, 48),
(72, 'ดอกไม้เทียมกุหลาบ สีชมพู X6', 59, '1234', 0, 48),
(73, 'ดอกไม้เทียม กุหลาาบพับ+ยิปโซ สีชมพู', 52, '1234', 0, 48),
(74, 'ดอกไม้เทียม กุหลาบบูช ชมพู', 198, '1234', 0, 48),
(75, 'ดอกไม้เทียม กุหลาบ ชมพูX7', 100, '1234', 0, 48),
(76, 'ผงหมึกเครื่องถ่ายเอกสาร XEROX5335', 6000, '1234', 0, 6),
(77, 'หมึกพิมพ์เครื่องปริ้น HP', 4600, '1234', 0, 18),
(78, 'ป้ายไวนิลพระบรมฉายาลักษณ์ ร.5', 2790, '1234', 0, 48),
(79, 'ลูกลอยทองเหลือง ขนาด 3/4', 220, '1234', 0, 11),
(80, 'เทปพันเกลียวขนาดใหญ่', 18, '1234', 0, 11),
(81, 'ก๊อกน้ำ ขนาด 3/4', 135, '1234', 0, 11),
(82, 'ก๊อกน้ำ ขนาด 1/2', 130, '1234', 0, 11),
(83, 'ไม้ม๊อบถูพื้น', 299, '1234', 0, 10),
(84, 'อะไหล่ม๊อบ', 210, '1234', 0, 10),
(85, 'ถุงมือยาง', 49, '1234', 0, 10),
(86, 'แปรงห้องน้ำ', 79, '1234', 0, 10),
(87, 'สก๊อตไบรท์ 3m', 48, '1234', 0, 10),
(88, 'รูปพระบรมฉายาลักษณ์ ร.10', 690, '1234', 0, 6),
(89, 'ขาตั้งรูป', 520, '1234', 0, 6),
(90, 'ป้ายไวนิล ขนาด 120*240', 500, '1234', 0, 21),
(91, 'กระดาษชำระม้วนใหญ่ ', 2098.2, '1234', 0, 10),
(92, 'ไม้กวาดแข็ง', 55, '1234', 0, 21),
(93, 'น้ำดื่มชนิดถ้วย', 70, '1234', 0, 21),
(94, 'SD CARD 64 GB', 680, '1234', 0, 6),
(95, 'เมล็ดพันธุ์ผักกวางตุ้ง 500g', 100, '1234', 0, 49),
(96, 'เมล็ดพันธุ์ผักคะน้า 500 g', 105, '1234', 0, 49),
(97, 'ชุดปฏิบัติการ อปพร.', 2050, '1234', 0, 46),
(98, 'ไส้ปากกาหมึกเจล 0.7 สีน้ำเงิน', 24, '1234', 1, 6),
(99, 'ไส้ปากกาหมึกเจล 1.0 สีดำ', 24, '1234', 1, 6),
(100, 'ไส้ปากกาหมึกเจล 0.7 สีน้ำเงิน(12อัน)', 288, '1234', 0, 6),
(101, 'ไส้ปากกาหมึกเจล 1.0 สีดำ(12อัน)', 288, '1234', 0, 6),
(102, 'หนังสือพิมพ์เดลินิวส์', 100, '1234', 1, 6),
(103, 'หนังสือพิมพ์เดลินิวส์', 10, '1234', 0, 6),
(104, 'หนังสือพิมพ์ไทยนิวส์', 5, '1234', 0, 6),
(105, 'ก๊อกน้ำpvc 1/2', 45, '1234', 0, 11),
(106, 'เทปพันเกลียวขนาดกลาง', 15, '1234', 0, 11),
(107, 'ก๊อกอ่างล้างหน้า', 230, '1234', 0, 11),
(108, 'สายน้ำดีใยฝัก 22''', 60, '1234', 0, 11),
(109, 'กุญแจ 20 มิล', 50, '1234', 0, 11),
(110, 'สายยู', 10, '1234', 0, 11),
(111, 'สกรู', 3, '1234', 0, 11),
(112, 'กาว ขนาด 50g', 39, '1234', 0, 11),
(113, 'ใบเลื่อยตัดเหล็ก', 10, '1234', 0, 11),
(114, 'ชุดชำระ BC7', 180, '1234', 0, 11),
(115, 'กระดาษชำระ', 1417.75, '1234', 0, 10),
(116, 'กระดษษการ์ดสีี A4', 80, '1234', 1, 6),
(117, 'สติ๊กเกอร์ใสหลังเหลืองA-4', 180, '1234', 0, 6),
(118, 'น้ำดื่มชนิดขวด350cc', 35, '1234', 0, 6),
(119, 'แก้วพลาสติก', 320, '1234', 0, 6),
(120, 'ผงเคมีแห้งพร้อมบรรจุถัง', 650, '1234', 0, 29),
(121, 'แก๊สแอลพีจี ขนาด 15 กิโลกรัม', 430, '1234', 0, 29),
(122, 'น้ำมันดีเซล', 13021, '1234', 0, 44),
(123, 'มีดคัดเตอร์เล็ก', 28, '1234', 0, 6),
(124, 'น้ำยาลบคำผิด 3.5 ml', 48, '1234', 0, 6),
(125, 'เทปโฟมกาวสองหนน้า 3M', 198, '1234', 0, 6),
(126, 'ปากกาแดง', 195, '1234', 1, 6),
(127, 'ปากกาเคมี 2 หัว แดง', 156, '1234', 1, 6),
(128, 'ปากกาเคมี 2 หัว น้ำเงิน', 156, '1234', 1, 6),
(129, 'กรรไกร', 35, '1234', 1, 6),
(130, 'แฟ้มเจาะกระดาษ A-4 ', 9, '1234', 0, 51),
(131, 'ปากกาลูกลื่น แดง', 195, '1234', 0, 51),
(132, 'ปากกาลูกลื่น น้ำเงิน', 195, '1234', 0, 51),
(133, 'ปากกาเคมี 2 หัว แดง', 13, '1234', 0, 51),
(134, 'ปากกาเคมี 2 หัว น้ำเงิน', 13, '1234', 0, 51),
(135, 'กรรไกร', 35, '1234', 0, 51),
(136, 'เทปกาวย่น 2 นิ้ว', 40, '1234', 0, 51),
(137, 'เหล็กฉากขนาด 2*2', 350, '1234', 0, 11),
(138, 'หนังสือพิมพ์สปอร์ตนิวส์', 20, '1234', 0, 6),
(139, 'หนังสือพิมพ์ลำพูนนิวส์', 10, '1234', 0, 6),
(140, 'น้ำมันดีเซล', 26.8, '1234', 0, 13),
(141, 'น้ำมันดีเซล', 26.4, '1234', 0, 13),
(142, 'แก๊สโซฮอล์ 91', 26.79, '1234', 0, 13),
(143, 'แก๊สโซฮอล์ 91', 27.19, '1234', 0, 13),
(144, 'น้ำมันดีเซล', 25.5, '1234', 0, 44),
(145, 'น้ำมันดีเซล', 25.9, '1234', 0, 44),
(146, 'ตลับหมึก', 4600, '1234', 0, 18),
(147, 'น้ำดื่มบรรจุขวด', 30, '1234', 0, 6),
(148, 'น้ำดื่มบรรจุถัง', 18, '1234', 0, 6),
(149, 'หมึกprinter Fuji CM305df', 2900, '1234', 0, 6),
(150, 'ซองสีน้ำตาลไม่ขยายข้างมีครุฑ', 2.7, '1234', 0, 6),
(151, 'ตรายางทรุฑเล็ก', 36, '1234', 0, 6),
(152, 'ตรายางครุฑกลาง', 40, '1234', 0, 6),
(153, 'ไม้กวาดอ่อน', 35, '1234', 0, 10),
(154, 'น้ำยาดันฝุ่น', 450, '1234', 0, 10),
(155, 'น้ำยาล้างห้องน้ำ(ยี่ห้อเป็ด)', 50, '1234', 0, 10),
(156, 'น้ำยาล้างจาน', 27, '1234', 0, 10),
(157, 'เจลน้ำหอมปรับอากาศ', 50, '1234', 0, 10),
(158, 'ยาฉีดมด(ยี่ห้อใบกอน)', 105, '1234', 0, 10),
(159, 'น้ำยารักษาเครื่องหนัง', 119, '1234', 0, 10),
(160, 'สก็อตไบรท์ 3 เอ็น เล็ก', 19, '1234', 0, 10),
(161, 'น้ำยารักษาเครื่องหนัง(แบบสเปย์)', 165, '1234', 0, 10),
(162, 'น้ำยารักษาเครื่องหนัง(แบบสเปย์)', 165, '1234', 1, 10),
(163, 'สันรูด 10 มิล', 10, '1234', 0, 6),
(164, 'สันรูด 7 มิล', 8, '1234', 0, 6),
(165, 'ที่ถอดลวดเย็บแบบกรรไกร', 58, '1234', 0, 6),
(166, 'ตะกร้าใส่เอกสาร 3 ชั้น สีชมพู', 195, '1234', 0, 6),
(167, 'แฟ้มเจาะกระดาษ ลิ้นพลาสติก สีเหลือง ขาด A4', 9, '1234', 0, 6);

-- --------------------------------------------------------

--
-- Table structure for table `tb_seller`
--

CREATE TABLE IF NOT EXISTS `tb_seller` (
`sellerID` int(4) NOT NULL,
  `sellerName` varchar(50) CHARACTER SET utf8 NOT NULL,
  `sellerAddress` varchar(100) CHARACTER SET utf8 NOT NULL,
  `sellerStatus` int(1) NOT NULL
) ENGINE=InnoDB AUTO_INCREMENT=27 DEFAULT CHARSET=latin1;

--
-- Dumping data for table `tb_seller`
--

INSERT INTO `tb_seller` (`sellerID`, `sellerName`, `sellerAddress`, `sellerStatus`) VALUES
(1, '', '', 0),
(2, 'บริษัท ศิวดล สเตชั่นเนอรี่ จำกัด (สำนักงานใหญ่)', '159/1 ถนนเจริญราษฎร์ ตำบลในเมือง อำเภอเมือง จังหวัดลำพูน', 1),
(3, 'ร้านสมาร์ท ฮาร์ทแวร์', '55 ม.5 ถ.เชียงใหม่-ลำพูน ต.อุโมงค์ อ.เมือง จ.ลำพูน', 1),
(4, 'ร้าน สิงห์ชัย', '73 ม.7 ต.อุโมงค์ อ.เมือง จ.ลำพูน', 1),
(5, 'ดูโฮม จำกัด (มหาชน)', '38/3 ม.3 ต.อุโมงค์ อ.เมือง จ.ลำพูน', 1),
(6, 'ร้านลานทองพลาสติก สำนักงานใหญ่', '17 ม.10 ต.เหมืองง่า อ.เมืองลำพูน จ.ลำพูน', 1),
(7, 'ร้านลำพูน โปรโมชั่น', '9 ถนนแว่นดำ ต.ในเมือง อ.เมืองลำพูน จ.ลำพูน', 1),
(8, 'ร้านโชคอนันต์', '85 ถนนวังว้าย ต.ในเมือง อ.เมืองลำพูน จ.ลำพูน', 1),
(9, 'ร้ายยุพินพาณิชย์', '269 ม.8 ต.อุโมงค์ อ.เมือง จ.ลำพูน', 1),
(10, 'นางสาววาล จินา', '346 ม.5 ตอุโมงค์ อ.เมือง จ.ลำพูน', 1),
(11, 'บริษัท ซี เอ็ม วัน เซอร์วิส จำกัด', '499/1 ม.7 ถ.วงแหวน ต.แม่เหียะ อ.เมือง จ.เชียงใหม่ ', 1),
(12, 'หจก.เคพีเอ็น ซิสเต็มส์ แอนด์ เซอร์วิส (สำนักงานใหญ', '58/20 ม.2 ต.หนองผึ้ง อ.สารภี จ.เชียงใหม่', 1),
(13, 'กลุ่มทำน้ำดื่มชุมชนบ้านป่าเส้า', 'ม.9 ต.อุโมงค์ อ.เมือง จ.ลำพูน', 1),
(14, 'บริษัท เชียงใหม่ แจนิโทเรียล ซัพพลาย จำกัด', '363 ม.5 ต.ท่าศาลา อ.เมือง จ.เชียงใหม่', 1),
(15, 'เหมียว ลำพูนโฆษณา', '23/5-6 ถ.ลำพูน-ป่าซาง ต.ในเมือง อ.เมือง จ.ลำพูน', 1),
(16, 'บุญปั๋น คำชอบ', '206/1 ม.11 ต.ทุ่งต้อม อ.สันป่าตอง จ.เชียงใหม่', 1),
(17, 'เกษตรสหภัณฑ์', '135 ม.6 ต.อุโมงค อ.เมือง จ.ลำพูน', 1),
(18, 'ร้านลำพูนบรรณาการ', '89 ถนนอินทยงยศ ต.ในเมือง อ.เมือง จ.ลำพูน ', 1),
(19, 'ร้านเกศินี', '40 ม.7 ต.อุโมงค์ อ.เมือง จ.ลำพูน', 1),
(20, 'นางนิภาภรณ์ เปรมหิรัญ', '79 ม.7 ต.อุโมงค์ อ.เมือง จ.ลำพูน', 1),
(21, 'ร้าน เอ็น เจ เซฟตี้', '85/1 ม.2 ต.สันกำแพง อ.เมือง จ.ลำพูน', 1),
(22, 'ร้านพนอม', '137 ม.9 ต.อุโมงค์ อ.เมือง จ.ลำพูน', 1),
(23, 'บริษัท ศรีทองลำพูน จำกัด', '349 ม. ต.อุโมงค์ อ.เมือง จ.ลำพูน', 1),
(24, 'นพดล ณ เชียงใหม่', '257/1 ม.9 ต.อุโมงค์ อ.เมือง จ.ลำพูน', 1),
(25, 'สำนักข่าว เอฟซี สปอร์ตนิวส์', '99/1 ม.13 ต.ป่าสัก อ.เมือง จ.ลำพูน ', 1),
(26, 'ลำพูนนิวส์', 'ลำพูนนิวส์', 1);

--
-- Indexes for dumped tables
--

--
-- Indexes for table `tb_basket`
--
ALTER TABLE `tb_basket`
 ADD PRIMARY KEY (`basketID`);

--
-- Indexes for table `tb_category`
--
ALTER TABLE `tb_category`
 ADD PRIMARY KEY (`categoryID`);

--
-- Indexes for table `tb_customer`
--
ALTER TABLE `tb_customer`
 ADD PRIMARY KEY (`cusid`);

--
-- Indexes for table `tb_department`
--
ALTER TABLE `tb_department`
 ADD PRIMARY KEY (`departmentID`);

--
-- Indexes for table `tb_member`
--
ALTER TABLE `tb_member`
 ADD PRIMARY KEY (`memberID`);

--
-- Indexes for table `tb_order`
--
ALTER TABLE `tb_order`
 ADD PRIMARY KEY (`orderID`);

--
-- Indexes for table `tb_orderdetail`
--
ALTER TABLE `tb_orderdetail`
 ADD PRIMARY KEY (`orderdetailID`);

--
-- Indexes for table `tb_orderfile`
--
ALTER TABLE `tb_orderfile`
 ADD PRIMARY KEY (`orderFileID`);

--
-- Indexes for table `tb_plan`
--
ALTER TABLE `tb_plan`
 ADD PRIMARY KEY (`planid`);

--
-- Indexes for table `tb_product`
--
ALTER TABLE `tb_product`
 ADD PRIMARY KEY (`id`);

--
-- Indexes for table `tb_seller`
--
ALTER TABLE `tb_seller`
 ADD PRIMARY KEY (`sellerID`);

--
-- AUTO_INCREMENT for dumped tables
--

--
-- AUTO_INCREMENT for table `tb_basket`
--
ALTER TABLE `tb_basket`
MODIFY `basketID` int(7) NOT NULL AUTO_INCREMENT,AUTO_INCREMENT=16;
--
-- AUTO_INCREMENT for table `tb_category`
--
ALTER TABLE `tb_category`
MODIFY `categoryID` int(11) NOT NULL AUTO_INCREMENT,AUTO_INCREMENT=56;
--
-- AUTO_INCREMENT for table `tb_customer`
--
ALTER TABLE `tb_customer`
MODIFY `cusid` int(4) NOT NULL AUTO_INCREMENT,AUTO_INCREMENT=142;
--
-- AUTO_INCREMENT for table `tb_department`
--
ALTER TABLE `tb_department`
MODIFY `departmentID` int(11) NOT NULL AUTO_INCREMENT,AUTO_INCREMENT=5;
--
-- AUTO_INCREMENT for table `tb_member`
--
ALTER TABLE `tb_member`
MODIFY `memberID` int(11) NOT NULL AUTO_INCREMENT,AUTO_INCREMENT=48;
--
-- AUTO_INCREMENT for table `tb_order`
--
ALTER TABLE `tb_order`
MODIFY `orderID` int(11) NOT NULL AUTO_INCREMENT,AUTO_INCREMENT=24;
--
-- AUTO_INCREMENT for table `tb_orderdetail`
--
ALTER TABLE `tb_orderdetail`
MODIFY `orderdetailID` int(7) NOT NULL AUTO_INCREMENT,AUTO_INCREMENT=44;
--
-- AUTO_INCREMENT for table `tb_orderfile`
--
ALTER TABLE `tb_orderfile`
MODIFY `orderFileID` int(7) NOT NULL AUTO_INCREMENT,AUTO_INCREMENT=598;
--
-- AUTO_INCREMENT for table `tb_plan`
--
ALTER TABLE `tb_plan`
MODIFY `planid` int(1) NOT NULL AUTO_INCREMENT,AUTO_INCREMENT=6;
--
-- AUTO_INCREMENT for table `tb_product`
--
ALTER TABLE `tb_product`
MODIFY `id` int(10) NOT NULL AUTO_INCREMENT,AUTO_INCREMENT=168;
--
-- AUTO_INCREMENT for table `tb_seller`
--
ALTER TABLE `tb_seller`
MODIFY `sellerID` int(4) NOT NULL AUTO_INCREMENT,AUTO_INCREMENT=27;
/*!40101 SET CHARACTER_SET_CLIENT=@OLD_CHARACTER_SET_CLIENT */;
/*!40101 SET CHARACTER_SET_RESULTS=@OLD_CHARACTER_SET_RESULTS */;
/*!40101 SET COLLATION_CONNECTION=@OLD_COLLATION_CONNECTION */;
